myong_vandervort@langosh.biz,bounced
keven.krajcik@hauck.net,bounced
bernie@stokes.info,bounced
lorri@hodkiewicz.com,bounced
wilbert.zemlak@heaney.net,bounced
darren_mohr@durgan.io,bounced
lea@bednar.com,bounced
stephany_jacobson@effertz-pacocha.org,bounced
trinidad_roob@nikolaus-haley.net,bounced
adolfo@legros-pacocha.io,bounced
gary@labadie.co,bounced
jamila_botsford@pacocha-gerlach.net,bounced
delora_breitenberg@runolfsson.io,bounced
vesta@bogisich.net,bounced
selma@kreiger.co,bounced
charity.reilly@walker-sipes.com,bounced
astrid@torp-nicolas.org,bounced
ella@gerlach.co,bounced
emilio@johnston.com,bounced
hedy_heathcote@doyle-goldner.name,bounced
avery@predovic.io,bounced
neville_armstrong@kling.biz,bounced
levi@beahan.info,bounced
jamel@walter.com,bounced
malika@stehr.name,bounced
gladis_deckow@ortiz-muller.biz,bounced
christin_mertz@wyman.io,bounced
marlyn@morissette.com,bounced
barney.trantow@hirthe-schultz.net,bounced
concepcion@zulauf.co,bounced
eduardo@corwin.info,bounced
julissa.cormier@ullrich.info,bounced
emmitt@ebert.name,bounced
bud.bruen@dietrich-hirthe.net,bounced
lilia_altenwerth@schmitt.org,bounced
lesia_russel@konopelski.com,bounced
rod.ward@heidenreich.name,bounced
harold@yost-runolfsdottir.name,bounced
kaila_ward@hermann.org,bounced
gilda@hills-farrell.com,bounced
carlton@morar-morar.io,bounced
mohammad.franecki@fahey-aufderhar.net,bounced
elena_collins@kihn-roob.info,bounced
florentino.sporer@kshlerin-pfannerstill.org,bounced
brock_bednar@schuster-goodwin.com,bounced
irmgard@powlowski.info,bounced
irma@koepp.org,bounced
wilson_orn@lesch.info,bounced
rolanda.kuphal@streich-roberts.com,bounced
tiffany.herman@pagac.info,bounced
fausto@graham.com,bounced
yuko@douglas.io,bounced
cira.schaefer@shanahan-durgan.info,bounced
donnell@streich.info,bounced
elyse.denesik@oberbrunner.io,bounced
nicky_legros@koepp.name,bounced
fern@armstrong.biz,bounced
bennett_heidenreich@kohler.io,bounced
iola@walter.name,bounced
gerardo.stoltenberg@mills.org,bounced
leandro@bartoletti-koelpin.info,bounced
wiley.trantow@mccullough.biz,bounced
linwood.haag@abbott-treutel.org,bounced
calandra_nolan@harvey.name,bounced
julienne_rath@collier.info,bounced
shelton@bins-ebert.biz,bounced
arie.shields@beatty.net,bounced
jan@hayes-nolan.org,bounced
brenton@leuschke.io,bounced
hyo.reinger@nitzsche-legros.io,bounced
corey.bahringer@hermann.name,bounced
carolynn@stanton.net,bounced
isadora@cummerata-corkery.name,bounced
marisela_altenwerth@pouros.name,bounced
gustavo@dietrich-hackett.com,bounced
joline_bogan@kuhlman.biz,bounced
nada.gleichner@nikolaus-rice.name,bounced
patrick@kirlin.biz,bounced
fawn.corkery@harber.org,bounced
modesto@waelchi-schimmel.org,bounced
amal.wehner@stoltenberg.org,bounced
reba.pacocha@hettinger-collier.info,bounced
mathew_klocko@nikolaus.io,bounced
lilly_dickens@hartmann.co,bounced
lanny.hamill@koch.co,bounced
marquita_brakus@nolan.org,bounced
marlene@schimmel.org,bounced
loren@mills.io,bounced
junior.hand@collins.co,bounced
paris@raynor-walsh.io,bounced
svetlana_wisoky@marvin.io,bounced
sherley@durgan.io,bounced
rikki@wiegand-pollich.name,bounced
harvey@moore.info,bounced
min.mills@dickinson.org,bounced
mitchell@brown.name,bounced
isiah@bins.co,bounced
lester_jones@herzog.co,bounced
tracee.hodkiewicz@skiles-abbott.net,bounced
cyril.prosacco@wilkinson.io,bounced
tabetha.langworth@fadel.net,bounced
kyoko@gusikowski-goyette.org,bounced
isabelle.will@leffler-herman.biz,bounced
rory.schinner@west.co,bounced
garry@armstrong.name,bounced
ernesto@blick.io,bounced
felipe_windler@rosenbaum.biz,bounced
bobette_rath@morar-effertz.info,bounced
tamie.stoltenberg@damore-fay.net,bounced
jeremy.cole@runte.io,bounced
trinidad@gutmann-dietrich.co,bounced
odis@davis-waters.biz,bounced
edwin@oberbrunner.org,bounced
carissa@casper.biz,bounced
jerome.kiehn@boehm.co,bounced
tracey@runte.com,bounced
katina_abshire@hammes.name,bounced
nelia.weber@goodwin.biz,bounced
vivian_borer@lebsack.biz,bounced
romaine_feeney@kutch-macejkovic.org,bounced
victoria_frami@jakubowski.org,bounced
leanora@schowalter.name,bounced
kristofer@howe.net,bounced
mariano@macgyver.com,bounced
lance_haley@emard-kulas.biz,bounced
micheline_morissette@price.com,bounced
zandra@torphy.com,bounced
dario@jones-ebert.org,bounced
evon_zieme@gutmann-osinski.co,bounced
cathern_windler@wehner.info,bounced
andra_zulauf@lind.biz,bounced
jaimee_brakus@heller.org,bounced
gennie@skiles.name,bounced
allison@williamson-bergstrom.co,bounced
joan@gleason-huel.info,bounced
mendy@barton.name,bounced
ivy.weber@connelly.com,bounced
sonja_homenick@crona-willms.co,bounced
roberto_klein@windler.info,bounced
meghan@abshire.net,bounced
floy@zieme-okuneva.net,bounced
tuan.cummerata@jacobson-effertz.biz,bounced
vincent.bogisich@goldner.co,bounced
jackson_koss@marvin.org,bounced
freeda.smitham@pollich.io,bounced
meghan.pouros@botsford.info,bounced
gonzalo@marquardt.biz,bounced
cyndi@smitham.com,bounced
valda@bechtelar.org,bounced
darrin.friesen@rice-kulas.biz,bounced
genevieve_jacobson@gottlieb-bergnaum.co,bounced
jacque@okon.org,bounced
shandi.jones@kohler.co,bounced
claude_becker@zulauf.co,bounced
sadie_grady@cummerata-stiedemann.io,bounced
jayson_larson@rutherford.biz,bounced
mario_koepp@satterfield.com,bounced
eldora_schowalter@herman-deckow.info,bounced
carissa@greenfelder-marvin.com,bounced
linda_ebert@jacobi.net,bounced
nicolas@daniel-schmitt.org,bounced
monika@labadie.net,bounced
norbert.hagenes@emard.biz,bounced
alvaro_aufderhar@mckenzie-buckridge.com,bounced
weston@kuvalis.name,bounced
vance@mayer.com,bounced
mario.reilly@fadel.biz,bounced
gigi@goodwin-hyatt.co,bounced
millard.murray@baumbach.name,bounced
emmanuel@morissette.co,bounced
lucius@gibson.name,bounced
wilbert@schuster-greenfelder.com,bounced
leone@sawayn.com,bounced
launa@lowe-stanton.name,bounced
dawne@oberbrunner-bergnaum.org,bounced
malka@cole.io,bounced
kaylee_runolfsdottir@heidenreich-treutel.com,bounced
sandy@crist.org,bounced
desirae@bartell-durgan.com,bounced
blair_ullrich@reynolds.co,bounced
shelby_brakus@wisozk-frami.com,bounced
wally@considine-little.co,bounced
rhea.jones@ortiz.io,bounced
rodrick@feil.net,bounced
jung.konopelski@bauch.io,bounced
preston@king.co,bounced
huey.olson@sipes.biz,bounced
helga_littel@osinski.io,bounced
christiane.sipes@gleason.name,bounced
glenn@schaden.info,bounced
silas@gutkowski-feil.com,bounced
keely@mayert.name,bounced
rogelio_padberg@ohara-kiehn.biz,bounced
rosendo.jacobi@kirlin.net,bounced
johanna_morar@volkman.info,bounced
kandis_tromp@ziemann.io,bounced
oscar_pfeffer@herman.biz,bounced
rob.johnson@steuber-morissette.name,bounced
twyla@doyle.org,bounced
refugio.huels@emmerich.com,bounced
mary@howe.biz,bounced
hans.bradtke@rowe.com,bounced
brendan@padberg.co,bounced
astrid@runolfsdottir-cole.biz,bounced
page@leffler-schoen.biz,bounced
avery.grant@gleichner-steuber.info,bounced
alfredo_bernhard@volkman-kuphal.com,bounced
linh@lind.io,bounced
leandro@lakin.org,bounced
vernita_heidenreich@zulauf.co,bounced
shelley.bauch@kub-farrell.name,bounced
minh.feest@stiedemann-terry.net,bounced
clara.moen@mueller.net,bounced
sidney.rolfson@schoen-mayert.biz,bounced
devin_armstrong@brown.co,bounced
darin_rau@stokes.biz,bounced
dylan.koepp@dubuque.org,bounced
lou.huel@nolan.name,bounced
ronni.kirlin@abshire.io,bounced
charmaine.huel@reichert-sipes.name,bounced
xiomara_kilback@bailey.net,bounced
roberto@gerhold.com,bounced
tomi_lemke@reinger.io,bounced
graig.nicolas@gusikowski.org,bounced
myrtle.farrell@hodkiewicz.com,bounced
rico@wisozk-smitham.biz,bounced
tyler@hagenes.net,bounced
armand_ryan@kuvalis.co,bounced
sherika@kuphal-zemlak.net,bounced
tamie.daugherty@kerluke-dare.co,bounced
deandra_keebler@johns.org,bounced
elliot@beatty.biz,bounced
joey_feil@johnston.info,bounced
felicia_west@mclaughlin.name,bounced
michael.price@champlin.org,bounced
bee_lindgren@kunze-christiansen.org,bounced
cherry_auer@towne.org,bounced
wilber.gorczany@mitchell-white.io,bounced
wilmer@oconner-cummings.name,bounced
lorenza_wuckert@oconner-kassulke.name,bounced
deloris.williamson@tremblay.name,bounced
donovan_bode@powlowski.biz,bounced
aide@graham.io,bounced
keith@mayer-gutkowski.com,bounced
dominic.rolfson@koelpin-dietrich.net,bounced
jarod@hahn-batz.biz,bounced
corrinne@wyman.com,bounced
henriette.gusikowski@spencer.com,bounced
adrien@denesik-nicolas.org,bounced
vada_mcglynn@christiansen.net,bounced
riley_denesik@swift.co,bounced
jae.rice@weissnat.info,bounced
lawana@homenick.name,bounced
athena@emmerich.com,bounced
gladys.torphy@renner-nicolas.io,bounced
lakiesha@pagac.io,bounced
austin@koelpin-goyette.io,bounced
jerlene.homenick@braun.io,bounced
harrison@zboncak.info,bounced
delois@watsica-fritsch.biz,bounced
erinn@senger.biz,bounced
janean@hessel-kuphal.info,bounced
jolyn.graham@hauck.biz,bounced
daphne_mertz@abbott.info,bounced
oretha@oreilly-spencer.info,bounced
latonia@kirlin-purdy.biz,bounced
mickey.greenholt@luettgen.biz,bounced
susann_raynor@trantow.name,bounced
joseph@schaefer.io,bounced
rodolfo@hansen.io,bounced
oren_hackett@mante.co,bounced
demetra@goyette.net,bounced
cori_ratke@watsica.co,bounced
tennie_deckow@predovic.co,bounced
stan@kulas-satterfield.biz,bounced
berta@stroman.com,bounced
margert.schaden@olson.io,bounced
lance_boyer@grady-cremin.co,bounced
brendon.breitenberg@schuster-bailey.com,bounced
olevia.borer@bartell-herzog.com,bounced
priscila@macgyver-braun.org,bounced
alma_gerlach@price-schroeder.info,bounced
luella_howell@dubuque.org,bounced
mahalia@farrell.net,bounced
stacy@smith-schoen.com,bounced
terica@mann-breitenberg.io,bounced
tristan_konopelski@beer.biz,bounced
bernadette.larson@funk-dickens.com,bounced
kristina.pacocha@spencer.com,bounced
larissa@kuphal-legros.info,bounced
tyson@keebler-mckenzie.org,bounced
lavern@koelpin.name,bounced
nathanael@abernathy.io,bounced
randy.koelpin@hane-rau.com,bounced
queen@douglas.com,bounced
art@shanahan.net,bounced
vannesa.johnson@cruickshank.com,bounced
aja_pfannerstill@schroeder.net,bounced
fredda.moore@gutkowski.io,bounced
robby@goodwin.com,bounced
veronique@powlowski.net,bounced
claris@sanford.io,bounced
jazmin_gorczany@adams.name,bounced
dusty.johnston@runolfsson.co,bounced
susie.shields@rutherford-windler.io,bounced
les@vonrueden-wintheiser.io,bounced
china@reichert-schaefer.net,bounced
marylou.dibbert@schulist.org,bounced
renetta_wilkinson@gibson-legros.org,bounced
gaynelle_emmerich@pollich.co,bounced
regenia.schmidt@hilpert.info,bounced
johnie.hettinger@wehner-dicki.io,bounced
jaquelyn@legros-lueilwitz.org,bounced
chau@homenick.biz,bounced
dan@cummerata.info,bounced
alena_hansen@sanford.biz,bounced
gail@will.name,bounced
karl_rogahn@rolfson.info,bounced
marti@kirlin-volkman.org,bounced
ali_johnston@kuphal.org,bounced
zora_ebert@fisher.name,bounced
rudy@heaney.name,bounced
damien@graham.io,bounced
elouise_cole@lesch-grady.com,bounced
lauren@ortiz-pollich.net,bounced
meri@stehr.net,bounced
una@kassulke.info,bounced
zack@streich.com,bounced
emerita@abbott.co,bounced
rikki_mcdermott@osinski.info,bounced
gerard_emard@nader.name,bounced
bobby_hagenes@kuphal-wisoky.org,bounced
melany@kerluke.info,bounced
fredric@leffler-corwin.info,bounced
stanford.rowe@schuppe.name,bounced
shanae.schmitt@treutel.co,bounced
kenyatta_cormier@dare-kerluke.org,bounced
miguelina@tillman.biz,bounced
curtis.brakus@leffler.name,bounced
martin@stark-lueilwitz.io,bounced
hugh_upton@mitchell.org,bounced
sol@zboncak.com,bounced
irene.bogan@pouros.info,bounced
joannie.green@greenholt.name,bounced
tracey@king.info,bounced
jerold_wuckert@shields.io,bounced
floyd@oconner.info,bounced
rogelio@bruen.biz,bounced
ariana@kulas.org,bounced
lenita@torphy.name,bounced
jesus@osinski-cummerata.co,bounced
aliza@johns-jacobson.com,bounced
roman.mayert@kertzmann.biz,bounced
jerrod@cummerata.info,bounced
dorine_tromp@jaskolski.name,bounced
sydney@bartoletti.info,bounced
hyman_wolff@howell-schinner.name,bounced
werner.larkin@homenick.io,bounced
kendrick@damore.biz,bounced
neta@considine-hoppe.info,bounced
vena.nikolaus@wuckert.name,bounced
donovan_huel@lemke.co,bounced
wendolyn@marks.co,bounced
aron@corwin-fadel.info,bounced
eugenio_stroman@hickle-conroy.co,bounced
brett@purdy.name,bounced
rene@von-volkman.org,bounced
winston@heathcote.com,bounced
mason@marks.com,bounced
anne@schaden.net,bounced
arlene_mosciski@kling.co,bounced
carina.schroeder@kemmer.com,bounced
truman@mayert-wilderman.com,bounced
marvel_glover@miller.co,bounced
paul@grimes.info,bounced
dannie@veum.io,bounced
peter@rosenbaum-weissnat.org,bounced
evie_friesen@pollich-glover.org,bounced
cyril.rohan@keeling.info,bounced
roger@schneider-veum.org,bounced
otto_oberbrunner@becker.com,bounced
pansy.bashirian@osinski.io,bounced
agustin@treutel-cormier.io,bounced
pablo@greenholt.name,bounced
ian@upton-price.net,bounced
vernon@bergnaum.name,bounced
trenton_kunze@kutch-keeling.name,bounced
sanda@dach.com,bounced
carina.marks@hettinger-upton.org,bounced
darren.haag@kuhic-lakin.com,bounced
arnoldo_hoeger@mraz.net,bounced
sydney@kutch.name,bounced
jaymie_dietrich@kris-conroy.com,bounced
garland@morissette.biz,bounced
monte@wisozk.org,bounced
frederick@orn-schmeler.net,bounced
catheryn.hickle@nienow.com,bounced
terese_kuhlman@murazik.biz,bounced
renate@hirthe.name,bounced
king@tillman.net,bounced
terrence@hayes.name,bounced
belen_strosin@stark.info,bounced
fritz.homenick@weber.io,bounced
april@brakus.net,bounced
latoria@okon.io,bounced
jena_abshire@wisozk.biz,bounced
vicki@hauck.org,bounced
elinor@macgyver-barton.biz,bounced
nguyet@stiedemann.net,bounced
shanelle.kub@fahey-denesik.name,bounced
charline.gutkowski@macgyver.org,bounced
ezekiel.morissette@glover-schulist.io,bounced
ramiro_klein@renner.co,bounced
krista.kerluke@will-kuvalis.co,bounced
isaac@turcotte.info,bounced
barney@stiedemann-kutch.net,bounced
lynwood@ullrich.com,bounced
yaeko@klocko.info,bounced
daniella@rippin-hahn.biz,bounced
wilford@reichel.net,bounced
mitchell@gutmann.net,bounced
brant@west.io,bounced
cynthia.schamberger@streich.io,bounced
sergio.schinner@waelchi-bruen.org,bounced
wendy@balistreri.com,bounced
merlin_dach@mills-zboncak.com,bounced
tobias@daugherty.org,bounced
ward@kemmer.io,bounced
aldo@jakubowski-schimmel.info,bounced
ahmad.dicki@larson.org,bounced
avery.heidenreich@beatty.name,bounced
daniel_maggio@white.co,bounced
faustino@baumbach.info,bounced
warner_emmerich@dietrich-murphy.com,bounced
shiela_baumbach@keeling-koch.net,bounced
omer@kuvalis.io,bounced
dinorah@bashirian.com,bounced
garland.pouros@bayer.co,bounced
lyn_considine@muller.co,bounced
addie.mccullough@kerluke.com,bounced
ethyl_ritchie@swaniawski.net,bounced
lynn@labadie-huels.io,bounced
isaiah.denesik@torphy.com,bounced
alethia@kohler-macgyver.info,bounced
carma@wilderman-champlin.info,bounced
shaunna_waelchi@dickens-baumbach.co,bounced
mariann.bogisich@balistreri-bins.net,bounced
ellis@brekke.io,bounced
waylon_wintheiser@mills-sawayn.info,bounced
ferdinand@king-kuvalis.co,bounced
sharika@hoppe-reichert.com,bounced
steven@gleason.info,bounced
yee.kirlin@larson-kovacek.net,bounced
kam.schoen@walter-daniel.co,bounced
michal@champlin-batz.com,bounced
dorathy.west@russel.name,bounced
ewa.kshlerin@watsica.com,bounced
tammy@morar-upton.net,bounced
asia_klein@quigley.io,bounced
anneliese.white@zieme.com,bounced
dominic_thompson@sawayn.io,bounced
lisbeth_tillman@mcdermott.com,bounced
isaac.tremblay@jenkins.net,bounced
tracey_heaney@crist-rodriguez.io,bounced
allan_yundt@sipes-rau.co,bounced
galen_bauch@leuschke.io,bounced
delphine@barrows.net,bounced
hildegard@dach.biz,bounced
ernie.raynor@beahan-renner.co,bounced
rosalba@barrows-corwin.info,bounced
patricia@christiansen.co,bounced
sean_hamill@powlowski-grant.io,bounced
tressie.lynch@gutmann.org,bounced
raymond.lemke@zulauf-erdman.name,bounced
caleb@cruickshank.com,bounced
conrad@johnston.info,bounced
enoch@welch.biz,bounced
fausto.okeefe@cruickshank.io,bounced
merle.kemmer@hessel.name,bounced
alden.swaniawski@smitham-lang.org,bounced
faviola@miller.co,bounced
suzan_prohaska@windler.com,bounced
angelyn@bartoletti.co,bounced
tamela.reichel@brakus-sauer.org,bounced
bernard_marks@kub.biz,bounced
debera.halvorson@stracke.org,bounced
shaunte_dibbert@kreiger.info,bounced
sydney@kuhlman-zulauf.co,bounced
gregg@mclaughlin-harvey.co,bounced
brant.lowe@lakin.name,bounced
porsche@prosacco.info,bounced
ling.dicki@cummerata.io,bounced
noemi_torp@moen.biz,bounced
hal@powlowski.com,bounced
xenia@upton.com,bounced
ehtel_baumbach@kassulke-wilkinson.biz,bounced
rochel@schmitt.io,bounced
jack.huels@runolfsdottir.net,bounced
leonel@walker.io,bounced
tenesha@barrows.org,bounced
thomas_pouros@bins.io,bounced
mohammad_crist@cummings.io,bounced
annalisa.botsford@tremblay.info,bounced
jenell.rice@quitzon.org,bounced
alonzo.lesch@gibson.io,bounced
yuette@mraz-gleason.net,bounced
orville_vandervort@quigley.org,bounced
valarie.ferry@hackett-hoppe.name,bounced
stephen.walter@shields-nicolas.com,bounced
rashida_dibbert@moore.name,bounced
beverlee.halvorson@lockman.io,bounced
carol.stoltenberg@johns-oberbrunner.com,bounced
cesar@jones-kessler.biz,bounced
vita.abbott@goyette-schmitt.net,bounced
bebe.davis@strosin-moen.io,bounced
buck_nienow@rippin.co,bounced
elfrieda@kreiger-christiansen.co,bounced
tajuana@fay.co,bounced
brendan_abshire@moore-abbott.name,bounced
ira@jacobs.name,bounced
farrah@white.name,bounced
demetrius.rutherford@sawayn.net,bounced
elodia@aufderhar.net,bounced
luanna@kshlerin.info,bounced
caleb@kuhn.name,bounced
levi.rath@russel.biz,bounced
christa@reilly.io,bounced
hershel.yost@abbott.co,bounced
elizabeth_kutch@von.info,bounced
nadia.gleason@goodwin-goyette.org,bounced
gary_dare@huel.org,bounced
kitty@durgan.info,bounced
giovanni.cassin@marks-lubowitz.com,bounced
shelby_beier@bode.biz,bounced
troy@cremin-bashirian.org,bounced
petrina@lebsack.biz,bounced
chau@cormier.org,bounced
christopher.pollich@frami.info,bounced
kathyrn@johnston.net,bounced
hunter@carroll.co,bounced
venus@parker.co,bounced
rodolfo@pacocha.io,bounced
stanford.strosin@collins.co,bounced
shonda.wunsch@rogahn.co,bounced
barry.hoeger@trantow.io,bounced
micheal@auer.io,bounced
mathew@beier.info,bounced
adeline@bahringer.com,bounced
orval@hane.com,bounced
randy.ullrich@hessel.net,bounced
tamisha@gibson.org,bounced
erick@buckridge.io,bounced
noemi.kautzer@mayert-gleason.org,bounced
rodolfo.osinski@bins.co,bounced
erich_hackett@johns.io,bounced
horacio@schaefer.info,bounced
fermina_feeney@bogan.com,bounced
rachelle_donnelly@weissnat.io,bounced
yajaira_schmitt@schulist-anderson.org,bounced
carmel@ward.name,bounced
shane@kris.info,bounced
merle.leuschke@sanford.io,bounced
wanda@medhurst-auer.com,bounced
darrick.roberts@mitchell.net,bounced
lucretia@hudson.name,bounced
tanner@vandervort.name,bounced
theo@block-lemke.co,bounced
val_smith@mayer-bahringer.biz,bounced
valrie.hahn@hoppe-hickle.io,bounced
gricelda@cummerata-kulas.net,bounced
deedee@gibson.net,bounced
min@jast-hirthe.com,bounced
serina_predovic@lind.net,bounced
cherly@fadel.name,bounced
jame_cole@williamson-mraz.org,bounced
sammie@weissnat.info,bounced
joline@kreiger-mitchell.com,bounced
keshia@stanton.co,bounced
sacha@ratke-barton.biz,bounced
antony@hansen.net,bounced
shelby_bauch@witting-langosh.biz,bounced
emmett@howe-predovic.name,bounced
emely@schimmel.io,bounced
penni@aufderhar.name,bounced
shauna.homenick@kuhlman.io,bounced
rico.pfannerstill@stoltenberg-raynor.net,bounced
marcelo_jaskolski@pagac-lind.net,bounced
lesley@paucek.org,bounced
cleveland@heathcote.name,bounced
denis@bergstrom.org,bounced
my_considine@streich-kutch.info,bounced
barrett@thompson.co,bounced
shauna@bartell.co,bounced
burl@becker.io,bounced
coy@ritchie-fritsch.name,bounced
rochel@hyatt-bogan.net,bounced
devora@gusikowski-bode.name,bounced
antwan@dooley-ernser.com,bounced
silva@howe.com,bounced
quinn.lubowitz@kautzer-damore.com,bounced
van@schaden-tromp.name,bounced
liberty@ward.biz,bounced
rosalina.beahan@treutel-berge.com,bounced
deena@carroll-gerlach.net,bounced
lacresha_swaniawski@wisoky.org,bounced
cruz@kris.io,bounced
yong.will@koelpin-schultz.com,bounced
damian@runte-kassulke.name,bounced
erin@rogahn-tillman.io,bounced
shantell_gislason@ondricka.com,bounced
jessenia@schowalter.io,bounced
leopoldo@wolf.info,bounced
jeff@schultz-collier.biz,bounced
emeline.heaney@dooley.net,bounced
lane@bosco.com,bounced
felipa@roob-cormier.org,bounced
bertie@conroy.io,bounced
cedrick@kozey.co,bounced
kristopher@leuschke.org,bounced
rocky@greenholt-rohan.net,bounced
buddy.abshire@conn.co,bounced
chi@lesch-blick.org,bounced
raymon.wisozk@upton.com,bounced
ahmed@hahn.biz,bounced
hassie_funk@boehm-moore.info,bounced
luigi_kshlerin@quitzon-kemmer.io,bounced
maureen.robel@steuber-vandervort.name,bounced
clyde@haley.org,bounced
denny_batz@schmidt.co,bounced
domenic_marks@abshire.net,bounced
lucy@oconner.info,bounced
andy_robel@krajcik.net,bounced
magan.lynch@goldner.com,bounced
nanette.schmidt@von-feest.name,bounced
golden.durgan@schulist.biz,bounced
ema_hoppe@pacocha-hessel.net,bounced
mimi.cummerata@graham.org,bounced
marisela@wilderman.org,bounced
nigel_vonrueden@cole.com,bounced
douglass_leuschke@howell.com,bounced
maryalice.russel@yundt-jerde.biz,bounced
fabian@schamberger.info,bounced
taylor_heathcote@ferry.net,bounced
arvilla@jacobs.co,bounced
virgil.hilll@hettinger-schmeler.net,bounced
lynette_ankunding@wintheiser.biz,bounced
melina@stokes.org,bounced
ebonie_kassulke@runolfsdottir.io,bounced
jeffrey@zieme-lubowitz.io,bounced
tyree_durgan@cremin.com,bounced
niesha@mcdermott.org,bounced
stephenie.trantow@ullrich.info,bounced
teddy_stanton@halvorson.biz,bounced
warren@armstrong-brown.io,bounced
rick_leffler@willms-jenkins.com,bounced
catrina_dibbert@durgan.name,bounced
vincent@ritchie.info,bounced
leon@littel.com,bounced
catrina.ward@christiansen.net,bounced
ethan@dach.org,bounced
jess@koepp-rogahn.info,bounced
mitch@schaefer.org,bounced
michel@parker-schuster.com,bounced
lavonne.abshire@schimmel-schulist.info,bounced
bradford@haag.info,bounced
kiersten.wolf@predovic.biz,bounced
rachael@hand.org,bounced
roosevelt@gislason.org,bounced
romaine@donnelly.com,bounced
rosanne@schumm-tromp.net,bounced
ali@ankunding.io,bounced
reginald@ryan-steuber.info,bounced
fern@conroy-friesen.info,bounced
deshawn.okuneva@bahringer-buckridge.co,bounced
kyla@yundt-mills.biz,bounced
sydney@zieme.org,bounced
leonora_schneider@lakin.net,bounced
casie@jenkins.biz,bounced
hilton.kuphal@rohan.biz,bounced
dina@tromp.org,bounced
claretta.nolan@dibbert.com,bounced
bradford_stiedemann@sanford.biz,bounced
wanetta_boehm@abshire.name,bounced
zella@kerluke.org,bounced
david.fadel@nitzsche-kuhn.org,bounced
randee@rutherford.biz,bounced
diego@schuppe.com,bounced
landon.monahan@emard-renner.biz,bounced
rhett@graham.name,bounced
grady@macgyver.org,bounced
suzann.ruecker@jaskolski-schuppe.info,bounced
floyd@carroll.net,bounced
cinda_yost@huel.co,bounced
vonnie_weber@schmitt.com,bounced
zenaida.parker@yundt.org,bounced
latoria@vonrueden.io,bounced
nicholas@miller-lemke.com,bounced
maile@fahey-johnston.biz,bounced
isidro.ratke@jaskolski.org,bounced
nanette@herzog.name,bounced
vern@oconner.info,bounced
suellen@okon.io,bounced
tim_ullrich@kautzer.org,bounced
kimberlee@schaefer-hammes.org,bounced
mickey@bechtelar-senger.org,bounced
renato_kuvalis@bergnaum-hyatt.io,bounced
santo@yost-lang.name,bounced
kendall@mills.co,bounced
gary.marvin@gottlieb.org,bounced
kennith.kuhic@paucek.net,bounced
sherman_kuphal@collins-volkman.com,bounced
douglas@mcclure.info,bounced
kacy_fritsch@kohler.name,bounced
titus_mann@bergnaum-hickle.org,bounced
ken@will-simonis.net,bounced
wyatt_flatley@dibbert.io,bounced
kathie_swift@kshlerin-runte.name,bounced
elli_cassin@corwin.io,bounced
sherill.gutkowski@reinger.com,bounced
rolando@grimes.biz,bounced
scott_leffler@hayes-corkery.org,bounced
clara@grant.info,bounced
elwanda.franecki@trantow.org,bounced
shelia@dare-mosciski.info,bounced
weston@medhurst-torphy.info,bounced
jama.lakin@nolan.biz,bounced
elvina@abbott.net,bounced
verline@braun-hahn.net,bounced
dusty@johnson.info,bounced
stacey@waters-thompson.org,bounced
corey.little@schroeder.io,bounced
sylvester.jacobi@west.io,bounced
shelton@terry.com,bounced
cleveland_swaniawski@streich.biz,bounced
anthony@conn.io,bounced
freddie@cole-feeney.co,bounced
trudie@harris.co,bounced
jeffrey.upton@davis.com,bounced
nikki.okon@weissnat-emmerich.co,bounced
darell@simonis.name,bounced
roscoe@jenkins.io,bounced
tamara@schiller.com,bounced
warren_mayert@tremblay.co,bounced
korey@wolf-koch.com,bounced
terrence@erdman.io,bounced
alphonso@krajcik.name,bounced
romona_daniel@collier.org,bounced
dorian@bergnaum.info,bounced
theo@bernhard-kutch.org,bounced
lauri.grant@rempel.info,bounced
therese@sanford-renner.co,bounced
dion.olson@lehner-hauck.info,bounced
faustino_okon@jerde.org,bounced
lauretta.daniel@conn.biz,bounced
jefferey.franecki@schimmel.name,bounced
ignacio.hodkiewicz@mcdermott-kuvalis.net,bounced
maureen@kertzmann-shields.name,bounced
broderick@stark-towne.co,bounced
jame@hilpert.io,bounced
edward.crona@swaniawski-quitzon.io,bounced
gus_stamm@walsh.org,bounced
saundra.feeney@wolf-blanda.org,bounced
toni.walsh@zemlak.info,bounced
carroll.bauch@kautzer-blanda.biz,bounced
regan@fisher.info,bounced
mercedes_rippin@king-mitchell.io,bounced
les@yundt.org,bounced
cameron_fritsch@hermiston-satterfield.info,bounced
margret@ledner-pollich.com,bounced
annalee@heathcote.biz,bounced
robbie.hills@leuschke.info,bounced
deangelo.howell@bins.org,bounced
odis@donnelly.net,bounced
lucius@schroeder.co,bounced
luther@tillman.com,bounced
lang@witting.org,bounced
wilbur_walsh@fahey-luettgen.biz,bounced
dung_rippin@legros.info,bounced
janis@conn-hartmann.biz,bounced
vashti_hayes@runte.name,bounced
clementine@lesch.com,bounced
zonia@kreiger-tremblay.org,bounced
alexa_bahringer@effertz.info,bounced
meda@bahringer.io,bounced
anton@parker.co,bounced
apolonia_yundt@legros.io,bounced
ailene_stiedemann@hauck.io,bounced
kerri_macejkovic@fadel-kiehn.net,bounced
neda@weber.name,bounced
keira@davis.org,bounced
jaime@schamberger.info,bounced
kirk@kuhic.info,bounced
connie_schoen@schaefer.name,bounced
darren.abshire@lind-walker.co,bounced
adrien@swift-wyman.info,bounced
abdul.braun@kessler-beer.biz,bounced
marjorie_cummerata@beier.com,bounced
jay_kirlin@walsh-gottlieb.net,bounced
tanner_schowalter@haag.org,bounced
patrick@murray-corkery.info,bounced
kasandra_white@kuhlman.info,bounced
hiedi.torphy@halvorson.org,bounced
lizeth@gorczany-friesen.name,bounced
caleb_herzog@funk.com,bounced
ericka_skiles@parker-medhurst.biz,bounced
dominic@weissnat.info,bounced
rhonda.torphy@carroll.info,bounced
taylor@hilll-heathcote.co,bounced
junko@tremblay.info,bounced
darrick@auer.io,bounced
otis.huel@fisher-bechtelar.net,bounced
rudolph@windler.com,bounced
hong@bode.net,bounced
chris.weissnat@kessler-wiegand.net,bounced
vaughn.hermann@buckridge.com,bounced
numbers.stokes@anderson.info,bounced
jimmie@barrows.info,bounced
bethanie@hudson-block.net,bounced
evalyn.king@gulgowski.net,bounced
bruna_lindgren@pagac.com,bounced
landon@koss.co,bounced
maida@herzog.biz,bounced
penni.hammes@weber.net,bounced
lonnie@ritchie.biz,bounced
clarita_ohara@reichert.name,bounced
sergio@kub.biz,bounced
frida_stroman@littel.com,bounced
mellie.dietrich@dickinson.io,bounced
rana@fahey.co,bounced
helene_bauch@mosciski.co,bounced
royal@harvey-turner.biz,bounced
lily_toy@mann.name,bounced
frankie.paucek@gusikowski-baumbach.co,bounced
dusti.corwin@jerde.io,bounced
sherri_schumm@damore-gibson.co,bounced
edmund_pollich@watsica.biz,bounced
roberto@stark-armstrong.name,bounced
darell@kassulke-trantow.net,bounced
macie_runte@swift-kuphal.io,bounced
madison_aufderhar@homenick-greenholt.co,bounced
avril_hills@rogahn.info,bounced
charlena.bauch@davis.info,bounced
rodney@legros-bednar.com,bounced
cletus@quigley.net,bounced
quinton@grady.name,bounced
eleanor@grimes-baumbach.co,bounced
cathern@dickinson.co,bounced
rod@bergnaum.org,bounced
brice@pacocha-johnston.com,bounced
oleta@wolf.co,bounced
jamie_daniel@heathcote-lehner.com,bounced
marhta@dicki.biz,bounced
scot@rutherford-langworth.biz,bounced
manda@conn.com,bounced
alfonzo@lubowitz.net,bounced
jan_heller@crist-funk.io,bounced
darryl_oreilly@frami-beer.org,bounced
karl@kirlin-conn.com,bounced
rudy.kuvalis@nienow-casper.co,bounced
lekisha.yundt@koepp-dare.co,bounced
vicente@williamson.info,bounced
alvaro_vonrueden@schumm-kautzer.net,bounced
deborah@hansen.info,bounced
horacio_brekke@leffler-leffler.co,bounced
britt.okeefe@casper.io,bounced
lyda@goldner.info,bounced
jacquelin.wisozk@bailey.biz,bounced
dante.mann@dickens-schroeder.io,bounced
lilly.willms@kunze.name,bounced
wayne.bernhard@effertz.name,bounced
lindsay@muller.net,bounced
joshua.rohan@kshlerin.co,bounced
lajuana.goyette@auer.co,bounced
rico.schamberger@keeling-bogisich.io,bounced
garrett@von-parker.co,bounced
genevive.blanda@harber-wunsch.info,bounced
jesenia@kihn.org,bounced
donella@parker-stiedemann.net,bounced
elicia@murphy.org,bounced
andra@skiles-toy.org,bounced
cyril_sporer@gleason-cassin.info,bounced
jasper_koch@schumm-kessler.name,bounced
chantay@mccullough.net,bounced
shavonda_schaden@schultz.org,bounced
ha_bosco@jerde.info,bounced
merna@beatty.org,bounced
blanca_heaney@hayes.io,bounced
buford.bauch@kris-schiller.com,bounced
antwan.lueilwitz@okeefe.org,bounced
malissa@thiel.info,bounced
federico.farrell@koepp-mckenzie.com,bounced
tanika.vandervort@hermiston.biz,bounced
eldora@parker.co,bounced
shonda_kuhn@crona.net,bounced
kathrin.mann@murray-powlowski.name,bounced
edith_cormier@frami.name,bounced
douglass@weissnat.org,bounced
dillon@marvin.name,bounced
jose@gutkowski-koepp.net,bounced
ken.huel@witting.co,bounced
thanh@jast.com,bounced
laurine@heller-bauch.name,bounced
johnathon@rolfson.info,bounced
elvina.gerlach@beatty-jacobs.io,bounced
connie@ondricka-russel.biz,bounced
tanner_shanahan@hyatt-hermann.biz,bounced
vita@johnston.org,bounced
duane@wunsch.co,bounced
willie@nienow.net,bounced
jada@corkery.io,bounced
rufina_marquardt@conn-kiehn.org,bounced
kraig@dare.co,bounced
andreas@harber-mraz.biz,bounced
abe.wilkinson@kuhn.io,bounced
ken_aufderhar@cassin.org,bounced
mia.jacobi@gibson.co,bounced
audra@olson.name,bounced
hester.kuhn@klein-mosciski.net,bounced
ruthanne@bahringer.biz,bounced
fern.cartwright@bernhard.io,bounced
lucile.wolf@lehner-emard.net,bounced
sharonda.gerlach@lang.io,bounced
adriene@douglas.co,bounced
claude_okeefe@ryan.com,bounced
modesto_denesik@collins.biz,bounced
abe@king-kub.com,bounced
brendon@berge.org,bounced
emely_blick@stoltenberg.com,bounced
ivonne@cruickshank-murray.io,bounced
reuben@bernier.co,bounced
valentine@kihn-king.io,bounced
dallas@hegmann-gutkowski.co,bounced
forrest@graham.com,bounced
marta@ebert.net,bounced
annalisa.hauck@runolfsdottir.net,bounced
fritz@conn.org,bounced
georgine@wilderman-streich.io,bounced
beverley@hills.org,bounced
zack@ledner.org,bounced
markus@von-kovacek.io,bounced
bruce.jakubowski@weimann.org,bounced
hermine@daugherty-schuster.co,bounced
mozell@stoltenberg-prosacco.biz,bounced
danial_kessler@armstrong.info,bounced
roberta@daniel.biz,bounced
hai@satterfield-feeney.name,bounced
reggie.hand@baumbach.com,bounced
phyllis@baumbach.biz,bounced
courtney_cremin@christiansen-terry.co,bounced
maryjo@kohler.biz,bounced
myles@carter.co,bounced
shelia@hodkiewicz.biz,bounced
maryln.schinner@goldner-rogahn.net,bounced
harry@krajcik.biz,bounced
sandra_thompson@rohan.net,bounced
frederica@bailey.biz,bounced
tameka_kohler@breitenberg-waters.co,bounced
cletus@deckow.name,bounced
krysta_vandervort@schulist-schaden.net,bounced
jean@bechtelar.info,bounced
donn.lueilwitz@ruecker.info,bounced
bryanna@klein.net,bounced
ambrose_simonis@schuppe-konopelski.com,bounced
eugene_weissnat@armstrong.org,bounced
austin@franecki.io,bounced
marni@oberbrunner.info,bounced
georgeann@thompson.net,bounced
ewa@runte.io,bounced
kenny@okuneva-kessler.net,bounced
herbert_yundt@gleason.net,bounced
