glen@sawayn.co,delivered
tu@strosin.name,delivered
marty_donnelly@collier-erdman.biz,delivered
tam@flatley-sporer.com,delivered
mathew_bode@abbott-pacocha.net,delivered
fe@nader-nitzsche.biz,delivered
gudrun_kreiger@botsford-armstrong.org,delivered
reed_bogisich@gottlieb.com,delivered
blythe.grimes@johnston-wilkinson.name,delivered
hershel.anderson@smith-daugherty.name,delivered
arnulfo@ruecker.name,delivered
caren@tremblay.org,delivered
angle@cronin.biz,delivered
denita_homenick@schaefer.co,delivered
tillie.gutkowski@ferry.co,delivered
graig_osinski@mccullough.name,delivered
darryl@hayes-grant.biz,delivered
arthur_parisian@littel.io,delivered
garnett.howe@grimes.info,delivered
sana.stoltenberg@hahn-jakubowski.biz,delivered
shaun.casper@koepp.io,delivered
laverne@mayer.info,delivered
rob_baumbach@jast.biz,delivered
rosalva@dooley-will.info,delivered
rogelio@wehner-satterfield.net,delivered
stanton_schneider@kris.biz,delivered
steven_hilpert@yundt-breitenberg.name,delivered
esther@nicolas.co,delivered
kent@wunsch.biz,delivered
salina@walsh.com,delivered
hobert_wiegand@boyer.org,delivered
cristobal.reinger@wintheiser.name,delivered
malik@dickinson.biz,delivered
alba@weimann-toy.biz,delivered
joshua@lemke.info,delivered
dannie.swift@daniel-runolfsdottir.net,delivered
lou.zulauf@berge-murray.name,delivered
silas.purdy@upton.info,delivered
carlo@gorczany.com,delivered
jana.spinka@casper.info,delivered
modesto_bergnaum@harber-white.name,delivered
maurice.towne@stehr-wiza.net,delivered
loyd_marquardt@kilback-effertz.biz,delivered
chong@beer-dubuque.org,delivered
brice@goldner.biz,delivered
otha@mills.biz,delivered
taylor@kemmer.org,delivered
michel_swaniawski@steuber-schamberger.name,delivered
roseanna.abshire@kshlerin.name,delivered
leonardo@romaguera.co,delivered
dorie@bruen.io,delivered
signe_pollich@konopelski.org,delivered
curt@bechtelar-bailey.info,delivered
cheri@williamson.co,delivered
jamel_hills@rippin.biz,delivered
major_kuhn@lemke.io,delivered
cecila_reinger@stoltenberg.co,delivered
stevie.quitzon@ortiz-langosh.com,delivered
thanh.robel@oberbrunner-olson.com,delivered
gregory@mann.co,delivered
mechelle_lehner@lueilwitz-schaefer.com,delivered
mohammad.carroll@klocko-moen.name,delivered
dale@kunze.info,delivered
tashina.larkin@marks-considine.io,delivered
buddy@treutel.org,delivered
cherelle@batz.io,delivered
jocelyn@schneider.biz,delivered
jules@conroy.co,delivered
joel_simonis@walter-tremblay.biz,delivered
lean_anderson@hand.com,delivered
denita@paucek-kovacek.org,delivered
yer_lang@pfannerstill-monahan.net,delivered
inger_walter@altenwerth.name,delivered
robert.bailey@ruecker.com,delivered
caridad@gottlieb-yundt.info,delivered
fred@swift.org,delivered
catrina@pouros-tremblay.org,delivered
terrell.hermiston@gutmann.co,delivered
casey.fahey@rogahn-hahn.co,delivered
bobbie@volkman.name,delivered
darwin_nader@stehr-gutkowski.org,delivered
lesa_gulgowski@fritsch-kertzmann.io,delivered
weston@ebert.co,delivered
elmo@sauer-glover.net,delivered
tanja.maggio@ruecker.net,delivered
larisa_fisher@hartmann-christiansen.info,delivered
roxie_schulist@oberbrunner.info,delivered
leontine_greenfelder@dooley.net,delivered
evia@grimes.com,delivered
tyisha_leannon@pouros.name,delivered
marcellus@johnson-rohan.co,delivered
columbus@rodriguez.name,delivered
bebe.koelpin@stark.net,delivered
thanh@bailey.biz,delivered
abdul.williamson@zboncak.org,delivered
pete@bechtelar-shanahan.com,delivered
richard@armstrong.name,delivered
jeffrey@lebsack.io,delivered
brent@wehner.co,delivered
dewayne@will-reinger.io,delivered
rich.macgyver@steuber.co,delivered
renea@breitenberg.org,delivered
augustine.howell@fadel-mohr.co,delivered
paulina@oconner.com,delivered
kayleen@wisoky.io,delivered
exie@koelpin-kuhlman.name,delivered
carroll_hoppe@denesik.info,delivered
bettina_wuckert@walsh.org,delivered
terry_kunde@hills-treutel.org,delivered
leigh@reichel.biz,delivered
kermit@walsh-cruickshank.biz,delivered
kaycee_pollich@moore-reilly.net,delivered
ellis@stokes.biz,delivered
warner@marvin.io,delivered
larissa@heathcote.biz,delivered
thaddeus_breitenberg@gleason.com,delivered
yoko.wintheiser@rice-homenick.name,delivered
korey_cremin@turner.biz,delivered
vernon@king.org,delivered
august@douglas.io,delivered
mauricio_feest@wyman-mraz.org,delivered
zachary.quitzon@heller.net,delivered
barry@walsh.name,delivered
june_farrell@schmidt.info,delivered
johnny@kiehn.co,delivered
odis_murazik@kunze.org,delivered
leonila@breitenberg.name,delivered
chastity_halvorson@kuhic.net,delivered
darrin@rutherford.org,delivered
madelene_sauer@hayes-prohaska.name,delivered
tori@legros.com,delivered
rodney@kertzmann.com,delivered
loma.wyman@mills.name,delivered
ross@johnston.biz,delivered
dino_schmidt@corkery-olson.net,delivered
roscoe_bosco@goyette-hintz.com,delivered
rickie.rutherford@becker.co,delivered
vannessa.hamill@mcclure.com,delivered
stephani@flatley.org,delivered
shenika_okon@barton.io,delivered
eldridge@mcclure.io,delivered
duncan_schulist@schaefer.com,delivered
palmer@skiles.co,delivered
augustus_braun@huels-kautzer.io,delivered
leesa.parisian@hahn.co,delivered
dean@lang.io,delivered
alfredo@oberbrunner.io,delivered
vernia_larson@bernier.biz,delivered
noemi@kris.io,delivered
carole@cummerata.co,delivered
glenna.boyer@dibbert-sipes.info,delivered
ouida_ebert@stokes.org,delivered
reynalda@gleason.info,delivered
maisie.weimann@hyatt-hermann.info,delivered
joann@hilpert.net,delivered
weston.corkery@champlin.info,delivered
keira.legros@homenick.org,delivered
akiko@considine.com,delivered
khalilah@becker-kessler.net,delivered
emilio.considine@gleichner.net,delivered
edda.bode@lockman.com,delivered
chin@pfeffer-friesen.com,delivered
sung.berge@krajcik.org,delivered
hanh@greenfelder-kessler.co,delivered
jae@collier.org,delivered
jamaal@kshlerin.info,delivered
kieth_quitzon@hickle.org,delivered
bill.reichert@rempel-pacocha.co,delivered
von@harris.com,delivered
annie.torphy@schamberger-renner.biz,delivered
yer@cronin.org,delivered
terrell@sipes-morar.co,delivered
joan_robel@dietrich-ritchie.biz,delivered
earle_grady@grant.name,delivered
burton_larkin@cartwright.co,delivered
scotty.schaden@koelpin.org,delivered
aretha@lesch.io,delivered
charles@koch.io,delivered
gregg@terry-wiza.net,delivered
iola_stoltenberg@fay-bergstrom.co,delivered
loretta_rau@dietrich.name,delivered
gerald@wiza.net,delivered
leon.champlin@ohara.net,delivered
maragaret.reichel@cassin-pagac.info,delivered
john@blanda.org,delivered
duane@kuhlman.info,delivered
arlie.schaefer@haley.name,delivered
rosario.beer@nader-heathcote.biz,delivered
lynelle@kilback.biz,delivered
dominga.hane@pacocha-funk.org,delivered
fairy@ruecker.org,delivered
donte_stiedemann@barrows.name,delivered
lavette_hintz@stroman.com,delivered
valery.lueilwitz@thiel.net,delivered
brock_lockman@heaney.info,delivered
karyn@reichert.info,delivered
walter_runolfsdottir@haley-greenfelder.net,delivered
ismael_schamberger@oconnell.net,delivered
millie@lockman-hammes.info,delivered
kami.mraz@ritchie-lueilwitz.info,delivered
libby.yundt@fahey-deckow.org,delivered
teena_jakubowski@langosh.biz,delivered
aubrey@renner-schaefer.net,delivered
xavier@gleichner-murazik.name,delivered
derek.schaefer@hagenes.co,delivered
kasey@lesch.com,delivered
shayla.murazik@wunsch.name,delivered
edward_mraz@kozey-walker.io,delivered
luciano.zulauf@roberts.co,delivered
geraldine@lind-parker.name,delivered
brian.kirlin@bogisich-schaden.info,delivered
jaleesa.hodkiewicz@johnston.biz,delivered
shaun_stoltenberg@davis-swaniawski.biz,delivered
glenna@torphy.net,delivered
russell.bahringer@zemlak.info,delivered
tiffany_turner@connelly.com,delivered
florida@reynolds.org,delivered
ja@prohaska-keeling.biz,delivered
lowell.green@barrows.net,delivered
jimmie.schowalter@shanahan.com,delivered
chet@gutkowski.name,delivered
perla@marquardt.org,delivered
kellie@huels-langosh.info,delivered
paz@hirthe-hansen.info,delivered
lonny@cormier-collier.name,delivered
cyrus.brakus@weissnat.org,delivered
connie@kozey.biz,delivered
tonda@langworth.com,delivered
jamel.osinski@langosh.info,delivered
tennie_bashirian@jenkins-schowalter.io,delivered
howard@shields.com,delivered
angeline.lakin@yost.org,delivered
margert@zemlak-rempel.biz,delivered
laveta_schimmel@lueilwitz-luettgen.co,delivered
mollie_hand@gleichner.biz,delivered
allyn@larson-johnson.com,delivered
elwood.kertzmann@hamill.biz,delivered
loren@hodkiewicz.io,delivered
michael.ohara@toy-collier.co,delivered
tomi@greenholt-baumbach.co,delivered
annie@champlin.co,delivered
nora@rolfson.io,delivered
denis.rempel@halvorson.org,delivered
lindsey@gottlieb.name,delivered
jodee_king@johnston-glover.com,delivered
mark@king-ferry.org,delivered
laurence.orn@hilpert-schulist.name,delivered
maria@wisozk-grady.biz,delivered
ivette_mccullough@fisher-feest.name,delivered
idell.hamill@quitzon.org,delivered
tinisha.rogahn@nitzsche.info,delivered
deangelo.corkery@welch.co,delivered
jacqui@mohr-turner.info,delivered
hayden_roberts@rutherford.org,delivered
kisha.parker@mante.org,delivered
hugo@weber.com,delivered
garfield@maggio.co,delivered
ellyn@dicki.org,delivered
dewey.howe@kassulke.com,delivered
earleen_upton@labadie-hansen.info,delivered
donte@brekke.co,delivered
merri.lind@kohler.net,delivered
emory@tromp-zboncak.io,delivered
mayme@harvey.org,delivered
cruz_mcglynn@rippin.io,delivered
dong.schinner@bosco.net,delivered
erlinda@schmitt.co,delivered
leonia_runolfsson@legros.net,delivered
cortez.considine@wolff-torphy.co,delivered
kelsi.crona@turcotte-schneider.org,delivered
norman@ruecker-collier.org,delivered
astrid.west@boehm.co,delivered
ezekiel.steuber@baumbach.name,delivered
jacinta.beatty@mosciski.net,delivered
chante@frami-bins.io,delivered
roberto@greenfelder-bernier.io,delivered
altagracia.farrell@kovacek.name,delivered
analisa@ledner-bauch.info,delivered
phylis@hamill.info,delivered
blair.stark@kuhlman.co,delivered
lindsay_feil@tromp.co,delivered
wenona@durgan-harris.org,delivered
zane_zemlak@skiles.name,delivered
carolynn_dietrich@haley.org,delivered
jack@mccullough.org,delivered
bruno@kassulke.biz,delivered
michel@stroman-jacobs.com,delivered
teresa.turcotte@kertzmann.info,delivered
samuel_simonis@macejkovic.info,delivered
lahoma@gislason-bernhard.name,delivered
hayden@mcclure-dubuque.info,delivered
jerold@strosin.io,delivered
beula_ledner@murphy.name,delivered
maia_schroeder@lindgren.com,delivered
cathrine@gutmann-hahn.info,delivered
annis@haley-murray.name,delivered
jeniffer.stracke@kertzmann.biz,delivered
hellen.price@leuschke-murphy.io,delivered
norberto@turner.org,delivered
krystyna_heller@ondricka-buckridge.net,delivered
moshe@parker.co,delivered
ja@howell.info,delivered
harley.monahan@zboncak-ledner.biz,delivered
michale.heidenreich@kemmer.biz,delivered
drew_ebert@crona-roob.com,delivered
belle.collins@stark-casper.net,delivered
simona@goyette.org,delivered
gertie_legros@dibbert.co,delivered
nieves.hilpert@steuber.biz,delivered
frankie@corkery.org,delivered
hosea@carter.org,delivered
clifford_dietrich@boyle.io,delivered
yuk.gorczany@cartwright.name,delivered
del.torp@kuhn.net,delivered
keva@daugherty-abbott.org,delivered
shea@carroll-nikolaus.info,delivered
kim.renner@kautzer.co,delivered
clarine_miller@okuneva.io,delivered
scott_welch@smith.net,delivered
ryan@denesik.com,delivered
ona@king-bogan.com,delivered
branda@hermiston-bashirian.biz,delivered
felice@toy-botsford.com,delivered
eli_collier@quigley.name,delivered
gregory@lueilwitz.io,delivered
greg@becker.info,delivered
nolan@bailey.net,delivered
marylyn@toy-tremblay.io,delivered
lucile_mckenzie@strosin.com,delivered
cora@hayes-ankunding.co,delivered
rosamaria.mills@dickinson.net,delivered
geraldo@marks.info,delivered
bruce@rempel.io,delivered
georgeanna.bechtelar@rippin.com,delivered
teofila@upton.info,delivered
patsy@altenwerth.info,delivered
shanelle@lubowitz.org,delivered
faustino@larson.org,delivered
williemae_langosh@mueller-schuppe.net,delivered
rico@greenholt.io,delivered
vita.kuvalis@baumbach.info,delivered
gail_vandervort@gutkowski-kshlerin.info,delivered
renae@spencer-hamill.info,delivered
rachelle@bode.com,delivered
lili@kilback.org,delivered
marie@lesch.biz,delivered
dania@prohaska-wisoky.io,delivered
alva@rau.net,delivered
lilia@koelpin-raynor.name,delivered
nila_donnelly@beahan.co,delivered
dick_cronin@hoeger.name,delivered
marti@ferry.name,delivered
gustavo@reilly.name,delivered
forest_kiehn@moore.com,delivered
thresa@kub.info,delivered
chong.bartell@ankunding.name,delivered
eusebio@herzog.com,delivered
keira@schoen.info,delivered
georgina@heathcote.org,delivered
marylee_funk@hauck-kling.net,delivered
stepanie.stracke@gleason.org,delivered
nicky_kuhic@goyette.net,delivered
marget.breitenberg@batz.com,delivered
carroll_west@lind-mayer.info,delivered
cleo.beer@rippin.com,delivered
oma@homenick.com,delivered
albert_abbott@raynor.net,delivered
caleb.weimann@ortiz.io,delivered
merrill_rosenbaum@kassulke.io,delivered
edmund_blick@parker-kuhic.name,delivered
roselle@crona.co,delivered
del.zulauf@spencer-graham.io,delivered
andrea_rowe@lowe.co,delivered
jamel@russel.co,delivered
felipe.damore@towne-labadie.info,delivered
lacy.block@kris.io,delivered
malissa_stehr@gulgowski.biz,delivered
allison@kozey.org,delivered
darell_kilback@gleichner-bernhard.io,delivered
eulah@okeefe.com,delivered
jerald_muller@jerde.co,delivered
christoper@herman-herzog.org,delivered
nellie@brakus.co,delivered
rodney_wisozk@ferry.org,delivered
ellsworth@reilly.biz,delivered
pilar_goldner@cummerata.org,delivered
art_shanahan@ankunding-goldner.biz,delivered
alda@koss-ziemann.co,delivered
loraine.gislason@leannon.io,delivered
ginger@lind.com,delivered
pierre@miller.biz,delivered
warner_johnson@kuhn-mcclure.org,delivered
bryant@lynch.info,delivered
bobbie@turner-mante.co,delivered
lilian_hagenes@rice.org,delivered
lyle@ziemann-schumm.com,delivered
moshe@gutmann.io,delivered
nickie.cremin@swift.net,delivered
irina_jakubowski@nader.co,delivered
letha_legros@hammes-dietrich.io,delivered
frida.padberg@rippin.biz,delivered
preston@beatty.org,delivered
cierra_toy@pfannerstill-batz.com,delivered
randell@lind.org,delivered
nicky.beier@marvin.com,delivered
nichole@conroy-homenick.io,delivered
neil.renner@tillman-cole.io,delivered
corinne_dubuque@koch-zulauf.io,delivered
felipe@prosacco.biz,delivered
adriana.hyatt@anderson-russel.co,delivered
herbert@bauch-ryan.io,delivered
karen@funk.com,delivered
mabel@boyer.org,delivered
laverne.moen@gorczany-ohara.name,delivered
sparkle@funk.io,delivered
tom@kiehn-fay.net,delivered
janell@williamson.name,delivered
suanne_muller@schinner.io,delivered
lindsay@oconnell-kerluke.io,delivered
cathi@rath-koepp.info,delivered
terrance.witting@schaden.biz,delivered
kelley_bergnaum@beer.com,delivered
yulanda.murphy@casper.biz,delivered
georgann.mertz@sanford.io,delivered
luigi.price@pagac.com,delivered
rory@morar.biz,delivered
edith@okeefe.org,delivered
mahalia.heidenreich@dooley.info,delivered
sammy@shanahan.com,delivered
adolfo@ebert.org,delivered
wei.kessler@gerhold-davis.info,delivered
johnathan_bogisich@kessler-lockman.name,delivered
jeffrey@sanford.name,delivered
tonya@moen-emmerich.net,delivered
jackie_tillman@borer.info,delivered
sook.hyatt@rosenbaum.com,delivered
adolfo_hills@hyatt-mcdermott.org,delivered
evan@lind.co,delivered
prince@lynch.info,delivered
winona@zieme-lowe.com,delivered
karla@kuvalis.org,delivered
alberto@fay.co,delivered
beverly.rutherford@vonrueden-daugherty.io,delivered
adalberto_boyer@von.co,delivered
gerard@grimes.info,delivered
nia_kertzmann@effertz-littel.net,delivered
columbus@frami.name,delivered
dulcie.haley@considine.net,delivered
kristian_herzog@cummerata-kassulke.biz,delivered
vernon_aufderhar@koss-baumbach.com,delivered
elton_crist@walsh-herman.org,delivered
bernice_kutch@flatley.info,delivered
fermina@prosacco.name,delivered
simon_walsh@padberg-kub.org,delivered
naida@labadie.net,delivered
julie_hoppe@greenholt.name,delivered
stewart@brown.biz,delivered
albertine_thompson@barrows.org,delivered
marcus.gorczany@williamson.io,delivered
aretha_corwin@stanton-kreiger.com,delivered
don.fay@graham.info,delivered
maxima_rolfson@hane.biz,delivered
chang_okon@hauck-kirlin.org,delivered
hugo@feil.net,delivered
randy@becker.co,delivered
harlan_collier@adams-wehner.org,delivered
thersa@sauer.org,delivered
claudio@connelly.net,delivered
sammie_barton@kreiger.info,delivered
marlana@rau.name,delivered
venetta_collier@dach.info,delivered
rusty.schmidt@weissnat-herzog.info,delivered
nell@gleason.io,delivered
zelma@walter.co,delivered
jon@windler.biz,delivered
reginia@thiel-bernier.info,delivered
jaime.runolfsdottir@kautzer-raynor.io,delivered
stacey_kirlin@williamson.info,delivered
ferdinand@ziemann-kulas.info,delivered
isaac.waters@borer-keeling.io,delivered
elin.bashirian@bauch.org,delivered
lou_huels@weimann.name,delivered
herschel@greenholt-ryan.org,delivered
lia@homenick-pouros.org,delivered
carlton@west.com,delivered
millicent@dickinson-muller.info,delivered
rosanne.buckridge@bergnaum.info,delivered
howard@schinner.name,delivered
kassandra_batz@zboncak.org,delivered
tyron@huel-heathcote.org,delivered
jennifer@hills.com,delivered
marion@thompson-lakin.biz,delivered
artie@stiedemann.co,delivered
irmgard_emard@kuvalis-mueller.info,delivered
rolando_olson@gorczany.info,delivered
guillermo@terry.name,delivered
darrin@greenfelder-mertz.info,delivered
liberty@oconnell.com,delivered
annette@adams.name,delivered
milton_mayer@farrell.co,delivered
richie@pagac.co,delivered
sherika@veum.net,delivered
homer_wisozk@barrows.org,delivered
luise.mohr@kreiger-stoltenberg.name,delivered
sergio@johnson-jaskolski.org,delivered
maia@krajcik.org,delivered
trey@simonis-bergstrom.org,delivered
alverta@bernier.biz,delivered
tim.cummings@schuppe-mayer.com,delivered
pete@labadie-kuhn.info,delivered
renate_lueilwitz@konopelski-murray.co,delivered
antonio.wolf@nitzsche.net,delivered
adrianna_welch@olson.net,delivered
dustin@parker-lakin.name,delivered
toya.haag@kozey-goldner.io,delivered
alfonso@rice.co,delivered
hilma.macgyver@runolfsson.info,delivered
chet@mann.net,delivered
shane_shanahan@reinger.co,delivered
cornelius.terry@gottlieb-jast.org,delivered
bennett@wisozk.com,delivered
shelby@cummings.name,delivered
trenton.hackett@spinka.net,delivered
yee_aufderhar@jacobi.co,delivered
raymonde@cole.org,delivered
lindsay_walker@kessler.org,delivered
pura.oberbrunner@rempel.biz,delivered
laurie_klein@champlin-swift.net,delivered
marylyn@auer.co,delivered
chung_kassulke@macgyver.com,delivered
jerica.kuvalis@hirthe.io,delivered
raymon_cronin@dickens.info,delivered
meryl_nolan@schowalter-gleason.info,delivered
stephen@collier-kovacek.com,delivered
hyun_ruecker@metz-ortiz.net,delivered
rogelio.jacobson@kiehn.biz,delivered
dean@runolfsdottir.com,delivered
rosanna.padberg@walsh-bernhard.co,delivered
sharyl@dietrich.name,delivered
penney@gorczany.org,delivered
mattie_hansen@gleichner.biz,delivered
harry@pfannerstill.biz,delivered
linnea@wiza-sawayn.name,delivered
han.murray@rolfson.biz,delivered
colin@wilderman.org,delivered
ok.kassulke@wiegand-botsford.name,delivered
holli@ohara-daugherty.co,delivered
sharyl@denesik.com,delivered
tyree@mccullough.org,delivered
rosette_hammes@anderson.net,delivered
vania@jenkins-renner.info,delivered
derek_damore@miller.org,delivered
lelah.hessel@gleichner.biz,delivered
elisabeth_wintheiser@tromp.net,delivered
francene.reilly@thompson.biz,delivered
emile.stehr@beahan.com,delivered
jack@watsica-sanford.com,delivered
columbus.shanahan@hilll.info,delivered
tressie@frami.co,delivered
hiram_macgyver@hirthe-leuschke.biz,delivered
xavier@schmeler.com,delivered
regina@lakin.name,delivered
leonila@sipes-morissette.com,delivered
arnetta_batz@wiza.com,delivered
micha.goodwin@ebert.info,delivered
vikki.gulgowski@hahn.com,delivered
hilary@mann.biz,delivered
carol_walsh@hayes.net,delivered
kasey.auer@gutmann-gusikowski.co,delivered
rufus@hauck-bechtelar.io,delivered
rogelio.considine@rutherford.biz,delivered
derek@schuster-wolf.name,delivered
ahmad@fay.com,delivered
clair.hudson@shields.org,delivered
christen@langworth.co,delivered
evia@emmerich.com,delivered
clyde@monahan.net,delivered
doloris_hane@keeling-jones.biz,delivered
chauncey@yost.io,delivered
ozell@kris.io,delivered
teddy_daugherty@ritchie-emmerich.org,delivered
wilburn_champlin@schmidt.biz,delivered
cary@prosacco-grimes.name,delivered
christian@zulauf.org,delivered
keshia_ernser@mueller.net,delivered
claude.hilll@reilly-larson.org,delivered
bradley@stoltenberg.io,delivered
dustin@schiller.info,delivered
olen_fay@gusikowski-schmeler.co,delivered
stacia_collier@balistreri.net,delivered
eddie@armstrong-vandervort.org,delivered
cornelius@harvey.org,delivered
twyla_king@rosenbaum.co,delivered
hwa@pfannerstill.biz,delivered
izetta@monahan-hills.co,delivered
jacqueline@conn-emmerich.com,delivered
chantay@runte.io,delivered
elmo@yost-glover.net,delivered
herlinda@kunze-daniel.name,delivered
coralee@herman-vandervort.com,delivered
alishia@wehner-lesch.co,delivered
salvador@strosin.co,delivered
esther@bosco.net,delivered
loise@rice.name,delivered
jonathan@grady.co,delivered
mose_leffler@west.name,delivered
jose@wunsch.biz,delivered
vernon@fritsch.org,delivered
odilia@batz-kreiger.info,delivered
trey@barton.co,delivered
pauletta.towne@hane-kovacek.name,delivered
guillermo.bergstrom@mcglynn-batz.io,delivered
earle@collins.net,delivered
margie_ebert@rohan-mcclure.io,delivered
silvia.jakubowski@lueilwitz.info,delivered
donte_goldner@mann.co,delivered
ollie_blick@zemlak-reynolds.com,delivered
eleonora.huels@stracke.net,delivered
anitra@dubuque-rempel.io,delivered
ward_borer@emmerich-barton.com,delivered
levi_hettinger@schulist.biz,delivered
tommy@blick-veum.name,delivered
dede.moore@witting.biz,delivered
india.boyle@terry-predovic.org,delivered
norberto.schumm@gislason.info,delivered
clark@terry.net,delivered
angel.lesch@smith-gerlach.org,delivered
carmelo@hagenes-hammes.biz,delivered
sanora@mcglynn.com,delivered
carl@shields.io,delivered
felix@skiles.info,delivered
thanh.prohaska@beer.org,delivered
magaly@mohr.co,delivered
rupert@feil.name,delivered
owen.hodkiewicz@dare.io,delivered
christopher@hayes.co,delivered
denny@gorczany.org,delivered
ted@howell.biz,delivered
tamica.koelpin@kerluke-oconner.com,delivered
bulah@koch-bins.biz,delivered
jaye@heidenreich-waters.name,delivered
etha@price.net,delivered
sergio@batz.info,delivered
porter@gerlach.name,delivered
myrtle_gorczany@schamberger.name,delivered
larissa_collier@weber.net,delivered
carrol_sanford@dickinson.biz,delivered
marcel.king@zulauf.com,delivered
norberto@cummerata.org,delivered
kieth.rowe@rodriguez.biz,delivered
andres_treutel@oberbrunner.biz,delivered
kendrick@olson.org,delivered
marcela_kessler@rice.biz,delivered
seymour_hoppe@dibbert.co,delivered
willis@brown-wilderman.io,delivered
randy@gutmann.io,delivered
maye.wiegand@dooley-sipes.biz,delivered
marvin.herzog@emard.io,delivered
dannette_simonis@mueller-williamson.biz,delivered
carlyn@trantow.biz,delivered
lucien_christiansen@ullrich-runolfsson.biz,delivered
alethea@gusikowski-larkin.com,delivered
emanuel_schroeder@barton.biz,delivered
drusilla_oberbrunner@pouros.info,delivered
jeromy_wiegand@will-schiller.biz,delivered
kory_corwin@stamm.name,delivered
randy@cormier.net,delivered
norbert.gulgowski@lemke.io,delivered
boyce@kreiger-nader.net,delivered
cherie@williamson-wiegand.info,delivered
allen.bergnaum@walker.biz,delivered
beverley_bashirian@rohan.biz,delivered
mellisa@hayes-friesen.co,delivered
aubrey_will@pollich-klocko.biz,delivered
marlys.hudson@collins.org,delivered
kylee@larkin.name,delivered
mike.herman@armstrong.co,delivered
dannielle@predovic.name,delivered
dean.torphy@pfeffer.io,delivered
jewel.cartwright@bauch.name,delivered
charlie.armstrong@bosco.info,delivered
dustin@kohler.co,delivered
stephanie@schimmel.net,delivered
antonia@dicki.io,delivered
anabel_tremblay@marvin.co,delivered
thad.marquardt@johns.org,delivered
valorie_considine@nikolaus.io,delivered
ryann@kutch-barton.name,delivered
bill@nienow.biz,delivered
nestor_kerluke@parker.co,delivered
kali@bogan.biz,delivered
piedad_johnson@lueilwitz-bradtke.biz,delivered
benny@stoltenberg-boehm.com,delivered
britt.bins@braun.org,delivered
brigitte_tremblay@sauer.com,delivered
daryl_walter@runolfsson.info,delivered
emmett@gerlach-boyle.co,delivered
leo@maggio-west.info,delivered
jean@ankunding.com,delivered
keiko@stehr.io,delivered
krystyna_white@reichert.info,delivered
andrew_shields@langworth.net,delivered
jonas_denesik@murray.com,delivered
candie@pouros.org,delivered
jacqui.kuhic@parisian-abshire.biz,delivered
jerrod_gottlieb@hayes-frami.info,delivered
cari_bailey@hirthe-boyle.org,delivered
abel@kris.co,delivered
dusty_ziemann@bruen.co,delivered
saundra_okon@windler.io,delivered
silas_cremin@stracke.info,delivered
elvie_koch@shanahan.com,delivered
trista@prohaska-koch.org,delivered
sammy@reichert-bogan.io,delivered
eryn.swaniawski@goodwin.info,delivered
talia@herman.org,delivered
spencer@ruecker-cormier.info,delivered
jacquie.king@pacocha.co,delivered
les@lakin.org,delivered
amina_lemke@hilpert-murazik.info,delivered
shon@smitham.biz,delivered
enoch@kemmer-weissnat.biz,delivered
percy@kutch.name,delivered
florencio@schoen.co,delivered
marlin@willms.biz,delivered
apryl_kautzer@homenick-blick.com,delivered
felton@wiza-mante.biz,delivered
shaunda_von@johnson.name,delivered
taisha_luettgen@cassin.name,delivered
ezequiel_okon@rempel.info,delivered
emory@mosciski.co,delivered
arnulfo@gislason-kutch.info,delivered
bambi@heathcote-brekke.biz,delivered
refugio@schmitt.org,delivered
randal_mclaughlin@mueller-kuhlman.io,delivered
violet.romaguera@blick.org,delivered
kimberlie_green@kling-maggio.co,delivered
filiberto.bauch@legros.com,delivered
randell_bruen@corkery-leannon.org,delivered
margarett.green@altenwerth.org,delivered
sherlyn@osinski-lockman.org,delivered
alline@marvin-kuhic.co,delivered
frankie@crist.net,delivered
starla@dach.info,delivered
tashia_schultz@price.co,delivered
shonna_rempel@gleason.net,delivered
pricilla@schinner-cassin.io,delivered
issac@macejkovic.io,delivered
everett.koepp@kerluke.com,delivered
lavona.vonrueden@witting-zboncak.info,delivered
doretta_schmeler@pfeffer-king.info,delivered
dacia_walker@auer.info,delivered
vita@hettinger.com,delivered
eloy@runolfsson-corkery.info,delivered
harland_sipes@nolan.org,delivered
kermit.keebler@harber.net,delivered
margaretta@towne.net,delivered
doug.bruen@dickinson.info,delivered
cecil@hessel-white.co,delivered
ellena@borer.io,delivered
susann@hermann.info,delivered
louie@volkman-schaefer.co,delivered
lenny.hansen@balistreri.net,delivered
roselle_nitzsche@murray.org,delivered
marge.walter@mayert-quitzon.co,delivered
len@hoeger-bergstrom.biz,delivered
wyatt.anderson@oconner.co,delivered
aubrey@stehr.info,delivered
mickie_gutmann@kuhlman-hahn.io,delivered
theresa@gutkowski.name,delivered
eleni.koss@graham-hirthe.net,delivered
vance@bayer.com,delivered
anissa.robel@steuber.co,delivered
idella.mckenzie@wehner.io,delivered
dusty.adams@tremblay.co,delivered
cory.harris@gutkowski.info,delivered
ruth@bins.io,delivered
elias@corwin-effertz.name,delivered
lamont@renner.com,delivered
julius@bins-harris.biz,delivered
maryjane.balistreri@maggio.co,delivered
effie@schmeler.biz,delivered
randall@schneider.com,delivered
mack@schimmel.name,delivered
deandrea@corkery-kozey.net,delivered
john.ward@bernier.io,delivered
wilhemina@corkery-wilkinson.biz,delivered
fidel@funk-marks.info,delivered
harvey_raynor@kuhic.info,delivered
gale@legros-heidenreich.com,delivered
margene_rohan@ward.org,delivered
ernie@gleason-roberts.name,delivered
wiley@bashirian.biz,delivered
idella_donnelly@jacobson.org,delivered
graham.heidenreich@bradtke.io,delivered
malka_feeney@brakus-erdman.io,delivered
vincent@roberts.io,delivered
alphonso@kertzmann.net,delivered
marx@schiller-ryan.info,delivered
stanley@spencer.name,delivered
dustin@lebsack-crona.net,delivered
mac_hauck@little-gerhold.net,delivered
arica.abbott@blanda-blick.co,delivered
fred.skiles@king.io,delivered
emilio@price.co,delivered
sona@jacobs.com,delivered
dan_brekke@jacobs-labadie.com,delivered
diedra.watsica@west-schinner.info,delivered
celena.damore@cormier-heaney.net,delivered
lakita_metz@mueller.com,delivered
bill@stoltenberg.org,delivered
beatris@treutel.info,delivered
barbera@balistreri-windler.com,delivered
georgine.kreiger@spencer.net,delivered
lucio@keebler.name,delivered
lane_carroll@kutch.net,delivered
mary_dooley@tromp.name,delivered
cliff@bergnaum.org,delivered
jeffery@walsh.biz,delivered
jarod@morissette.biz,delivered
charlotte@hermiston.name,delivered
arlena_fadel@murazik.co,delivered
lorita@larkin-pagac.info,delivered
terry@goodwin.co,delivered
nikole@wehner-hermann.biz,delivered
bart@krajcik.com,delivered
yuki.anderson@bins.com,delivered
carrol@emard.biz,delivered
allyson_keeling@lang.com,delivered
manda@labadie-hills.com,delivered
karena.halvorson@hand.net,delivered
dian_gleichner@gorczany.co,delivered
angel.zulauf@schmitt.net,delivered
phil@welch-champlin.io,delivered
noel@christiansen.io,delivered
roxanne.wehner@homenick-schowalter.com,delivered
aurelio.monahan@wunsch.io,delivered
gwenda@schuster-ward.biz,delivered
ezra@waters-sauer.name,delivered
mitchell@reichert.co,delivered
freddy.heaney@shields-mclaughlin.net,delivered
jack_lockman@halvorson.info,delivered
bennett.yundt@ziemann-labadie.biz,delivered
marquerite@langosh.com,delivered
rene.spinka@grimes-marvin.org,delivered
sonja@dare.biz,delivered
ula_dibbert@windler.biz,delivered
owen_bednar@rogahn.io,delivered
kassie.jast@hauck-stark.com,delivered
janeen@bartoletti.name,delivered
terry@kunze.net,delivered
nicolle_mayert@leannon.net,delivered
silas@monahan.net,delivered
rosario.reinger@cruickshank-satterfield.io,delivered
roy@wunsch.org,delivered
derick@fay.co,delivered
pierre@gerhold-collier.co,delivered
brice_batz@mayert.co,delivered
dagny_littel@orn-frami.name,delivered
jack_lindgren@bins.name,delivered
philip@hauck.co,delivered
reggie.reilly@gusikowski.com,delivered
ming@kemmer.io,delivered
ebonie@stiedemann-dach.org,delivered
maris.mccullough@murazik.com,delivered
bill@goyette-waters.io,delivered
walton.rohan@cummings.name,delivered
norberto@nienow.info,delivered
keri@bashirian.io,delivered
hugh@lindgren.co,delivered
roselee@kassulke.org,delivered
glenn@bernier.co,delivered
jessie@mcglynn.org,delivered
david@swift-terry.co,delivered
maggie@carter.info,delivered
merrill@howell.io,delivered
mackenzie_kulas@senger-johnson.com,delivered
samatha@fadel.name,delivered
sidney@cole-jacobson.com,delivered
maya.ankunding@treutel.info,delivered
horacio@raynor.io,delivered
sandee@kuhlman-cronin.net,delivered
azucena@kuphal.com,delivered
jarred_swift@gleason.name,delivered
jim@gulgowski-little.io,delivered
marth_johnson@hane.biz,delivered
monika@schmidt.io,delivered
oren@hartmann.org,delivered
reuben@swaniawski-purdy.org,delivered
barrett.rutherford@mayer.info,delivered
suellen.heidenreich@morissette-champlin.biz,delivered
vicki.zieme@blanda.com,delivered
carie@willms.com,delivered
emely@ratke.biz,delivered
jerold@blick.biz,delivered
nga.graham@stracke-labadie.net,delivered
quinn@reichel.co,delivered
franklyn@okuneva-glover.info,delivered
matthew.ankunding@pouros.net,delivered
kelsie_bernhard@feest.io,delivered
shanta.schroeder@pfannerstill-nitzsche.biz,delivered
kathi@powlowski.info,delivered
heidy@reichert.io,delivered
toby_rippin@grady.co,delivered
ernie@turner-bins.name,delivered
hershel@morar.net,delivered
macy@schimmel.org,delivered
ryan.morissette@lemke.org,delivered
remona@dare-conn.com,delivered
bee.pagac@spencer-wyman.com,delivered
ryan.rolfson@thompson.name,delivered
broderick@marquardt.co,delivered
alaina@beier.info,delivered
lecia@raynor.org,delivered
ryan@kihn.co,delivered
walter@shanahan-williamson.io,delivered
noel.heathcote@blick.org,delivered
stephen.keebler@ankunding.net,delivered
tangela.lang@lindgren-williamson.io,delivered
brigitte@mckenzie.org,delivered
john_dietrich@cremin.io,delivered
drew.mcclure@langosh.name,delivered
kimbery_bashirian@stark.net,delivered
claretha@walsh.com,delivered
paul_runolfsson@thiel-dietrich.com,delivered
wilbert_donnelly@schneider-torphy.net,delivered
luanna_roob@sipes.biz,delivered
fiona.turcotte@ledner-feil.info,delivered
marc_christiansen@dooley.co,delivered
leif.schuppe@welch-williamson.co,delivered
narcisa@nolan-runolfsson.io,delivered
steffanie.reynolds@gleason-ratke.com,delivered
gianna_damore@damore.org,delivered
joesph.armstrong@heidenreich.biz,delivered
miquel@windler.net,delivered
sharice.hegmann@koelpin-doyle.name,delivered
leah_klocko@beahan-herzog.io,delivered
felipe@parker-hickle.name,delivered
marco.ledner@nolan.org,delivered
retta.rolfson@wehner.net,delivered
hank@schulist.name,delivered
mickey.ward@okon-sanford.co,delivered
clark@medhurst.net,delivered
silvana_homenick@larkin.biz,delivered
mozell_tillman@ledner.org,delivered
vincenzo@daniel.name,delivered
stephania_larkin@schuster-morissette.name,delivered
phillip@bernier.name,delivered
oren@fahey.co,delivered
jamey_klein@okeefe.name,delivered
lavette_abernathy@wyman.org,delivered
mildred@hodkiewicz-murazik.biz,delivered
aileen.kemmer@berge.net,delivered
alphonse_graham@sipes-ullrich.net,delivered
leon.schuster@keeling.io,delivered
dan@dicki.com,delivered
franklyn@lakin-cronin.com,delivered
pete.jerde@thompson.info,delivered
saul@lueilwitz.biz,delivered
timmy_konopelski@heaney.name,delivered
eulah.veum@schiller.com,delivered
nora_ledner@wunsch.co,delivered
guadalupe.emmerich@shanahan.info,delivered
jean_feil@shanahan.biz,delivered
sharolyn_hettinger@greenfelder.co,delivered
mariah_vandervort@stanton.biz,delivered
abe.williamson@bartell.biz,delivered
morris@thiel-gorczany.com,delivered
diego@fisher-waelchi.info,delivered
kathryn_hansen@kuvalis.co,delivered
alisa.schimmel@ortiz-torp.info,delivered
brenda_mertz@prosacco-ruecker.org,delivered
kim@senger.com,delivered
jarrod.denesik@treutel.net,delivered
lanny.ankunding@buckridge-schamberger.biz,delivered
lyle_nitzsche@greenfelder.io,delivered
kemberly_schamberger@bernhard.co,delivered
jamey.howe@boyer.info,delivered
bertram@kerluke-steuber.org,delivered
mamie.vonrueden@parisian.org,delivered
rufus@schuster.info,delivered
cornell.koepp@oberbrunner.com,delivered
howard.rohan@bartoletti.net,delivered
benito.carter@lueilwitz.org,delivered
andreas.kulas@farrell.net,delivered
elvin@huel.com,delivered
mardell_maggio@conroy.biz,delivered
greg@feil.com,delivered
katharina_tromp@cassin-gislason.name,delivered
chung@hauck.co,delivered
danial@cassin-shanahan.org,delivered
jason@jacobi-fadel.io,delivered
earnest_hilll@white-kunze.name,delivered
alvin@graham.name,delivered
collette@hermann.io,delivered
ena@koepp.name,delivered
elvera@kris-sawayn.co,delivered
lucia@boyer-tromp.net,delivered
logan_ruecker@ernser.com,delivered
branden_mills@ward.com,delivered
sammy@tremblay.org,delivered
sammy@koelpin.name,delivered
vincent@mayert.biz,delivered
stewart_tremblay@renner.org,delivered
tony_purdy@larson.name,delivered
christeen@mcclure.biz,delivered
regenia_schmeler@hettinger.io,delivered
carmen@schulist.co,delivered
cammy@miller.com,delivered
adrianna.ward@runolfsdottir.io,delivered
