Email,Status
kamala@barrows.co,failed
arturo.gottlieb@mccullough-johnson.com,failed
doug.windler@dietrich.io,failed
marna.hartmann@larkin.biz,failed
joe@schimmel-wilkinson.name,failed
leila.lang@mills-tromp.io,failed
carry.kozey@gleichner-green.org,failed
walton@beer-hermiston.info,failed
hipolito@marks-morar.io,failed
meagan_stiedemann@marquardt-legros.info,failed
alfonso_vandervort@stracke.com,failed
irmgard.bins@schimmel-oconnell.com,failed
orlando_rau@conn.co,failed
bruce@von-hansen.org,failed
lionel_robel@balistreri.com,failed
porter@hettinger.io,failed
brandee@bogisich.org,failed
lashay.hartmann@cruickshank.co,failed
cedric_hoppe@conroy-king.net,failed
leo_wiegand@hahn.co,failed
iva_emmerich@strosin-bergstrom.com,failed
sydney.reynolds@muller-roberts.biz,failed
marcelino_okon@ward-altenwerth.info,failed
don@harber.org,failed
krystal@senger-mann.io,failed
leta.farrell@schuster-mosciski.com,failed
armida_pouros@cummings.info,failed
dennis@batz.biz,failed
clinton_doyle@koelpin.biz,failed
kaylee@hartmann-stanton.org,failed
herman_hane@kuphal.info,failed
jimmie.hartmann@hessel.biz,failed
florinda.skiles@hilll-brekke.net,failed
galina@abshire.io,failed
mac.ullrich@carter.io,failed
rufus_koch@buckridge-pagac.io,failed
ashly.kris@bode-schmidt.com,failed
oliver@schaden.net,failed
ward@wilderman.info,failed
clair.gutkowski@towne.net,failed
talitha@schiller-frami.net,failed
kasandra_legros@dickinson.biz,failed
trevor@adams.name,failed
ulysses@denesik-aufderhar.name,failed
zane@fisher.name,failed
garland@schiller-abshire.com,failed
inger@runolfsson.name,failed
kirby@williamson.org,failed
quinton@harber.co,failed
kareem.frami@miller-bode.net,failed
eldon@nicolas-halvorson.biz,failed
hyun.rippin@turner-kerluke.net,failed
rickie@hansen-stokes.org,failed
trudy@anderson.org,failed
marge_anderson@senger.org,failed
reed.volkman@price-kertzmann.name,failed
cheryll@douglas.name,failed
iesha@leuschke-huel.net,failed
ronald.kirlin@howe-nader.org,failed
simone@rodriguez-stanton.info,failed
jayson@gibson.net,failed
adolph.krajcik@gislason.name,failed
cleveland_runolfsson@klein.co,failed
galen@satterfield.net,failed
toya_ohara@heidenreich.io,failed
andreas@kuphal.co,failed
fred@schiller.org,failed
youlanda@strosin-marks.co,failed
jan@lowe.io,failed
nathanael_kshlerin@leannon.com,failed
steve.hessel@boyer.co,failed
cody@spencer.co,failed
carlee.parisian@miller.io,failed
mitch@armstrong.io,failed
rosemarie@welch.net,failed
rosanne@mcglynn.org,failed
curt_morar@keebler-cummings.org,failed
willetta@ankunding.name,failed
karena_champlin@conroy-brekke.name,failed
ray_kub@zemlak-botsford.io,failed
garland_hickle@collins.io,failed
floyd_schinner@mraz-schmeler.io,failed
rashad@zieme.io,failed
danita@murazik.net,failed
iris.koelpin@rowe.biz,failed
dorris@leffler.com,failed
tai_crist@cummings-maggio.com,failed
asley_mcclure@oconner.com,failed
connie_lind@ohara.info,failed
imelda_stamm@rowe.io,failed
lawerence@haley.org,failed
lessie@muller-nader.biz,failed
lamar@schinner-adams.biz,failed
shanika_buckridge@stark-stokes.co,failed
elisa@okon-gleichner.io,failed
freeman@lang.biz,failed
tifany.okon@hessel.io,failed
coy@carroll-berge.biz,failed
lina@balistreri-oreilly.net,failed
chung.hane@wiegand.io,failed
wonda@romaguera.biz,failed
daphine_walter@von-wintheiser.org,failed
claudio@mohr-jast.org,failed
keturah_stiedemann@stroman.net,failed
laurinda_ratke@kihn.info,failed
kaycee_doyle@feeney.com,failed
mariel_kuhic@casper.org,failed
tyron@hermann.com,failed
keven@kshlerin-jerde.io,failed
darlene@konopelski.info,failed
clinton@champlin-daniel.net,failed
elmer.auer@conn.biz,failed
stewart.nitzsche@orn-bartell.com,failed
tuan@rempel.name,failed
clara@mcclure.name,failed
gil@kertzmann-crist.name,failed
suanne@schumm.com,failed
salvador_ward@bogan-spinka.co,failed
garret@botsford.info,failed
osvaldo_nader@emmerich.biz,failed
claribel@stroman-koss.info,failed
elvia@yundt-hintz.biz,failed
jaime.ondricka@rau.com,failed
trinidad@simonis.info,failed
inge_waelchi@flatley.name,failed
alonzo_fisher@gorczany.info,failed
daisey_klocko@satterfield.info,failed
jeremy@little-bailey.name,failed
jackqueline.frami@reichel.net,failed
joe.daugherty@rath.com,failed
rosalyn@ritchie.info,failed
gerardo_jacobson@hayes.co,failed
nereida_hyatt@lindgren.net,failed
gerry@beier.info,failed
zana@pouros.org,failed
ema_mccullough@rosenbaum.co,failed
cara@kozey.net,failed
emilio_effertz@hettinger.net,failed
celia.durgan@bogisich-sporer.biz,failed
clint.dach@johns.org,failed
guadalupe_langosh@moen.com,failed
jonah_wiegand@beatty.net,failed
angelo.shanahan@batz.biz,failed
werner@breitenberg-schneider.info,failed
dana_gibson@auer.biz,failed
hattie_roob@sipes.name,failed
jannette_lindgren@blanda.org,failed
vince.nicolas@leannon.net,failed
alexis.feeney@powlowski.co,failed
norma@king.info,failed
kena@hahn.org,failed
anton.beahan@kreiger.co,failed
clifford@lueilwitz.co,failed
rubie.larkin@wilkinson.info,failed
damian_bernier@boehm.com,failed
sean@towne.org,failed
nelson@sauer-leffler.co,failed
carolin_johnson@thompson.biz,failed
elbert@littel-kassulke.net,failed
minnie@renner-hermann.biz,failed
johnathan@donnelly-hessel.org,failed
delilah@graham-rodriguez.name,failed
bert@langosh.name,failed
lahoma@johnson.org,failed
royce.koepp@corkery.name,failed
clarinda.zieme@weimann.info,failed
ellis.abernathy@weimann-towne.info,failed
dannie_zulauf@weber.net,failed
charles_gulgowski@denesik-will.co,failed
jon@howe.org,failed
stefan.turcotte@keeling-botsford.co,failed
joseph.hirthe@rolfson-reichert.co,failed
charis.hahn@rutherford.co,failed
joel@nitzsche.io,failed
greg@nikolaus.com,failed
isabella@shields-bogisich.co,failed
dung@white.com,failed
tenesha@beer.info,failed
antione@ward-parisian.net,failed
christoper_langosh@reynolds.net,failed
shaun.lueilwitz@gulgowski-swaniawski.info,failed
leo_pfeffer@walsh.com,failed
lorrie_steuber@pfeffer.name,failed
maxie@parisian-ledner.com,failed
terrence_kiehn@lang-muller.org,failed
brittney@nolan.net,failed
ervin@botsford.name,failed
georgina.grady@tillman.info,failed
cheryl_aufderhar@rosenbaum.name,failed
alessandra.pfeffer@hintz-bode.com,failed
vernita@kshlerin.co,failed
jessika@hammes.org,failed
ronald.mante@bogisich.org,failed
maximo_bergnaum@prosacco-veum.io,failed
marisa@koepp.org,failed
clayton_langosh@pollich-trantow.io,failed
major_reichert@ledner.name,failed
sherrell_beatty@lueilwitz.net,failed
connie@hane.co,failed
mirtha.jacobi@funk.net,failed
janey_hessel@marks-fisher.biz,failed
jewell.champlin@gottlieb.org,failed
stanford@jones.org,failed
pinkie@fay-bergstrom.io,failed
gwenn.wiza@weissnat.com,failed
margarito@dibbert.biz,failed
jorge.schneider@kiehn-kilback.co,failed
garrett@johns-robel.name,failed
graham@dibbert.co,failed
adelina_doyle@champlin.co,failed
vannessa.stanton@ward-carroll.info,failed
jospeh@ryan.com,failed
dewayne@feeney.biz,failed
lynnette@gutkowski-parker.io,failed
porsche@parker.name,failed
david_heathcote@walker-feeney.org,failed
shena.lang@king.co,failed
carlotta.will@maggio.net,failed
emery@rohan.name,failed
eneida@pouros.name,failed
claude@labadie.io,failed
vivien.mckenzie@gottlieb.org,failed
hector@fadel.io,failed
buster@boyle-botsford.net,failed
albertina_wilderman@hyatt.io,failed
corazon.hegmann@gerlach.biz,failed
lino@schumm.co,failed
benedict@waelchi.co,failed
kraig@grady-maggio.org,failed
wilfred@cormier.org,failed
dino.murazik@gusikowski-flatley.org,failed
indira@stamm.io,failed
santiago@greenholt.info,failed
porter.monahan@brown.org,failed
shane@rempel-wisoky.com,failed
deneen_nader@carroll.info,failed
noe@grimes.io,failed
antonetta@steuber-kihn.biz,failed
candance_price@stamm.info,failed
lecia@kshlerin.name,failed
nia.connelly@hayes.co,failed
jazmin.howe@blick-weimann.io,failed
bethany@crona.com,failed
william_rippin@wintheiser.biz,failed
dan_kihn@hahn.io,failed
william_labadie@raynor-mclaughlin.net,failed
tish@ortiz.io,failed
terence_pollich@jones-prohaska.org,failed
eddy_romaguera@renner-brakus.com,failed
collene@ernser.co,failed
hiram.stokes@schmitt.io,failed
emmanuel@brown.name,failed
jonah_wolff@kovacek-muller.com,failed
felipe@lebsack.org,failed
fernando_gibson@auer-ward.net,failed
rupert.sauer@lindgren.name,failed
shaun.ritchie@nitzsche-nader.info,failed
ray@keebler.com,failed
loida@casper.co,failed
jame_greenfelder@kulas-kub.io,failed
rudy@schoen-sporer.info,failed
derek.monahan@ernser.name,failed
jimmy@hirthe-wunsch.info,failed
tracey@paucek-olson.net,failed
charles@jacobson-kuhn.net,failed
trent@hackett.com,failed
ellsworth.auer@larkin-rice.com,failed
mathilde_wisozk@stark.net,failed
mathew.senger@trantow-crist.org,failed
clair@reinger-lindgren.net,failed
lonnie@sawayn.name,failed
jason.hodkiewicz@kilback.org,failed
freddie@marvin.net,failed
modesto.swaniawski@stokes-schaefer.name,failed
august_bartoletti@jenkins-rempel.com,failed
lucia@bosco.org,failed
nick@strosin-schaden.com,failed
charlena@wilderman-kovacek.biz,failed
marcos@frami-okon.io,failed
jesus@kuhic.co,failed
sterling.corwin@sporer.net,failed
vernon.fay@predovic-prosacco.org,failed
edison.ankunding@pagac.net,failed
jarod.corkery@rosenbaum-sanford.com,failed
jayna@conn.net,failed
larry.kovacek@larkin.net,failed
andy@quitzon.co,failed
sarina_volkman@lueilwitz-luettgen.net,failed
felica_wintheiser@crist.net,failed
norberto@bednar.net,failed
lauren_heaney@sauer.org,failed
ricardo.becker@stamm.com,failed
jeni@shanahan.info,failed
booker@buckridge-hilll.net,failed
mason@lueilwitz.com,failed
marketta.mclaughlin@dubuque.name,failed
silas_bogisich@moore.com,failed
dorthey@harris.info,failed
melodie@mann-goldner.co,failed
rosy_langworth@torphy.co,failed
mitch@miller.info,failed
benjamin@kreiger.com,failed
justin_bahringer@hammes.co,failed
gus.purdy@price.io,failed
wyatt@casper.com,failed
bambi@howell.com,failed
virgil.adams@leffler.com,failed
stanton.schowalter@kreiger-shields.com,failed
adaline@dubuque.io,failed
chi.bernhard@rolfson.info,failed
tyson@mayert-quitzon.com,failed
zachery_emard@kris-crist.net,failed
kareem@torphy-halvorson.io,failed
justine@toy.name,failed
emerita_williamson@hermann.com,failed
chassidy_mitchell@shanahan-dooley.org,failed
madelene.hirthe@willms-spinka.com,failed
lauren.fadel@predovic.info,failed
amber@treutel.name,failed
frederic.kuvalis@little.io,failed
frankie.fadel@vonrueden-bins.name,failed
kelli@franecki-berge.name,failed
september@feil-lakin.io,failed
cheryle@raynor-schoen.co,failed
vince@beatty.net,failed
myrl.lakin@kessler-friesen.io,failed
jeffry_daugherty@gusikowski.biz,failed
adella@kirlin-kihn.name,failed
cyndy_greenfelder@bartell.name,failed
rickey.cruickshank@beatty.net,failed
carolina.hermiston@grimes-champlin.net,failed
val_turcotte@white-pollich.com,failed
young.ziemann@breitenberg-harvey.net,failed
jude.williamson@heaney.io,failed
marcos@mohr.co,failed
darren@towne-nolan.com,failed
carolee@lowe-toy.info,failed
lidia.legros@blick-wintheiser.com,failed
adam@veum-ortiz.org,failed
sylvester@halvorson.io,failed
dell.barton@rolfson.io,failed
alex@fahey.co,failed
elda@hickle-heidenreich.net,failed
chuck.damore@weimann.io,failed
nelle.waters@howell.biz,failed
harland_pollich@gleichner-hane.co,failed
adah.conn@cole.org,failed
robt@thiel.com,failed
bella.oberbrunner@kerluke.name,failed
edna@raynor-labadie.net,failed
raymundo@cartwright-kohler.io,failed
bunny@little.biz,failed
britt_stiedemann@borer-kreiger.com,failed
kathi_pollich@orn.name,failed
mozelle@brown.name,failed
yesenia@vandervort.name,failed
hassan@stokes.net,failed
lavinia@bechtelar.org,failed
earline@dach.org,failed
leslie@brown-auer.com,failed
greg@miller.org,failed
julian_glover@hills.name,failed
tatyana@blick-orn.net,failed
wilfredo.moore@buckridge-vandervort.name,failed
roxane_leannon@little.co,failed
christoper_pacocha@keebler-rath.org,failed
denae_rice@johnson-hane.io,failed
branden_abbott@boyer-watsica.io,failed
arnulfo@lockman.co,failed
dewitt.feeney@rippin.info,failed
danial_smith@borer-lueilwitz.co,failed
demetra@swaniawski-gutkowski.co,failed
ben@maggio.net,failed
marinda_boyer@treutel.org,failed
hildegard_wolf@thompson-mertz.net,failed
angelica_abernathy@hane.name,failed
iliana@kunze.org,failed
elvin@hyatt.org,failed
megan@kerluke-ritchie.io,failed
carlota.cummings@lockman-bednar.biz,failed
chad@pfannerstill.org,failed
shanna.powlowski@turcotte-crooks.info,failed
lonnie@murphy-homenick.io,failed
birgit@connelly.com,failed
shondra_hessel@murphy.com,failed
stephen@huels.co,failed
jude@green-frami.net,failed
herlinda_haley@reichert.info,failed
shamika@upton.name,failed
fern@quitzon.org,failed
pricilla@gulgowski-johnson.co,failed
dennise.powlowski@langosh.info,failed
kirstie_emard@johns.io,failed
gerda_wiegand@yost.org,failed
paige@pfeffer.net,failed
ezekiel@turcotte.name,failed
jimmie.hintz@sporer.name,failed
leroy_upton@crist-block.org,failed
carrol@jacobi.name,failed
izetta@moore.com,failed
myrta@turcotte.com,failed
antonio_davis@schroeder.org,failed
ollie@bergstrom-braun.co,failed
matthew_runte@anderson-zieme.name,failed
kyong@watsica-rosenbaum.info,failed
gil@grant.com,failed
colleen_grady@crooks.co,failed
miguel@wilderman-rosenbaum.io,failed
janise_green@auer.name,failed
lowell_damore@wolff.info,failed
miles_brekke@bode-armstrong.net,failed
robby_hamill@bayer.io,failed
greg@mohr.com,failed
merle@graham.io,failed
neville_hessel@lockman.info,failed
mohammad_gleichner@beahan-murphy.org,failed
joe@ferry.biz,failed
amos.hagenes@langworth.co,failed
joe@heidenreich.io,failed
coleen_larson@swift.org,failed
tyler.spencer@boyer.io,failed
lahoma_considine@kutch.net,failed
cecil.wiegand@lindgren-hodkiewicz.net,failed
ike@zieme.info,failed
vernon@kohler.name,failed
verla_boehm@abshire-ward.co,failed
raven.jast@tremblay-blick.net,failed
gabriella.franecki@mitchell-wilderman.biz,failed
jaye.senger@mosciski.name,failed
valentin.ortiz@kassulke.biz,failed
hoyt.herzog@boyer.co,failed
lera@hickle-schamberger.com,failed
tabitha_sipes@yundt.biz,failed
robt@lowe-wiza.info,failed
arthur@mcdermott-steuber.io,failed
sandy_fritsch@wisoky.net,failed
missy_parisian@bashirian.co,failed
phylicia_goyette@shanahan.com,failed
clinton@reichel-wolf.biz,failed
augustus_lehner@kemmer.net,failed
ashlea@bins.info,failed
benedict@cole.biz,failed
ariel_champlin@feil.net,failed
hana.towne@hackett.name,failed
jerrica@mills-konopelski.io,failed
emmitt.haag@leuschke.co,failed
carl@swift-hickle.name,failed
benita@grimes.io,failed
regan@farrell.name,failed
donnetta_block@prohaska-kuhn.co,failed
roger@hessel.net,failed
earle_cassin@kuvalis.net,failed
queenie_luettgen@boehm.co,failed
ariana@pollich-durgan.biz,failed
vella@kris.name,failed
terra_walter@krajcik.name,failed
susy_treutel@blanda.co,failed
sol.senger@blanda.io,failed
keesha@thiel-wilkinson.name,failed
avery.nikolaus@cassin.net,failed
mammie@walker.name,failed
chiquita@kessler.com,failed
yang@morissette.co,failed
porsche_mante@flatley-schowalter.info,failed
reid@hilll.name,failed
arlen@wiza.io,failed
eleni@batz-marquardt.io,failed
margarita_beer@denesik.co,failed
arlinda@miller.com,failed
micheline_huels@gerlach.biz,failed
elenora@labadie.biz,failed
edwardo@shields.name,failed
ivelisse@dach.io,failed
vertie_hyatt@stark-dibbert.net,failed
dennis@larkin.info,failed
ninfa@zulauf.io,failed
elly_west@marks.net,failed
truman@graham.io,failed
han_dach@ernser.com,failed
marilyn_champlin@rohan.com,failed
eddie@streich-sauer.name,failed
mitchell@hoeger.org,failed
roxanna@orn.info,failed
dallas@harris.org,failed
jeremiah@wunsch.net,failed
natisha.krajcik@oberbrunner-littel.co,failed
franklin.larson@macgyver.com,failed
sidney@berge-williamson.biz,failed
sammie.marvin@swaniawski-lockman.io,failed
edmund.skiles@kuhn.co,failed
merrilee_dickinson@klein.co,failed
norberto_halvorson@boehm.io,failed
jed_gorczany@stark.name,failed
waylon.reichert@champlin.name,failed
michael_kirlin@casper-king.biz,failed
margurite.maggio@johnson.info,failed
donald_mcglynn@runolfsson.net,failed
delmer_lakin@ward.biz,failed
neil@stehr-watsica.com,failed
williams.kerluke@dach-rau.com,failed
esther_pfannerstill@johnston.io,failed
doyle_sipes@kuvalis.biz,failed
connie.lehner@murray.org,failed
garth@morar.info,failed
jed@wiza.org,failed
sammy@doyle.info,failed
jerrod_kerluke@schmitt.io,failed
kimbra_turcotte@robel.org,failed
don_stark@ratke.co,failed
jacinto@mante-thompson.co,failed
ty.kulas@schowalter.com,failed
guillermo_jones@gerhold.name,failed
frankie@stanton.io,failed
liza_mcdermott@kuhic.io,failed
alaina@rice.com,failed
felix_gerhold@goldner.org,failed
morton.nicolas@mckenzie.org,failed
rueben@kihn.co,failed
waldo.champlin@zemlak.info,failed
celestine@kunde.biz,failed
sandy_dare@bernier.net,failed
rudolf_zboncak@cremin-klein.info,failed
marcelino_greenholt@hudson.net,failed
kieth@kilback.info,failed
quentin_morissette@beatty.name,failed
geraldine@berge.info,failed
salome@jacobi.com,failed
errol.trantow@ernser-mills.biz,failed
lesia@ullrich.com,failed
claudio@spencer-jerde.org,failed
johnny_collier@larkin.name,failed
kurt.wilkinson@lang.name,failed
brendon@marquardt-murphy.net,failed
leone@bernier.io,failed
keneth@hoppe.name,failed
bryce_gleason@swift-schneider.com,failed
lona@kub-wisoky.info,failed
nellie_king@schamberger.io,failed
felecia_thiel@wisozk.name,failed
darron@kuvalis.com,failed
betsey@ferry.biz,failed
alexandra_mccullough@altenwerth-hoppe.io,failed
lyla@ruecker.com,failed
bryan_block@sawayn.org,failed
gregory@heidenreich.info,failed
korey_feeney@orn.biz,failed
alessandra.mckenzie@white.co,failed
naomi.trantow@abshire.org,failed
felisa.okeefe@rohan.io,failed
romeo_koelpin@herman.biz,failed
jarrett_mitchell@miller.io,failed
wilda_purdy@conn.co,failed
nevada.dickens@streich.net,failed
vanetta@parker-stamm.org,failed
lewis_beer@muller.info,failed
kisha@nicolas-gutkowski.co,failed
peter@zemlak.info,failed
rolland@borer.org,failed
mia_schamberger@kunze.info,failed
kary@abernathy.biz,failed
jerome.carroll@greenholt-labadie.biz,failed
randi@baumbach-schuster.net,failed
eldon@lemke.com,failed
lexie@runte.io,failed
lilliam@emmerich.net,failed
lorri@parker-langworth.name,failed
modesto@leuschke.net,failed
novella@bergnaum.co,failed
melani_stokes@reichel.io,failed
charleen@feeney-hessel.io,failed
isaias.hilll@lebsack.com,failed
kirby.vandervort@abshire.com,failed
veronika@ferry.org,failed
isidro@howell.io,failed
tim@satterfield-breitenberg.name,failed
trent.harber@durgan.co,failed
nisha.little@mckenzie.name,failed
lakesha_hilll@blick.io,failed
guy.crona@hilll.biz,failed
grady@rath.io,failed
steven.daniel@barrows-carroll.biz,failed
al@lockman-lubowitz.co,failed
williams@schinner.net,failed
earnestine@treutel.io,failed
cruz@oconnell.info,failed
burton_cummerata@schmidt.org,failed
palmer_gorczany@farrell-hettinger.co,failed
nicholas_welch@lebsack.info,failed
daron.gibson@schimmel.biz,failed
joan.kassulke@bruen.io,failed
timmy@padberg.info,failed
cordelia@bauch.io,failed
caryl@jenkins.io,failed
alfreda.ledner@marks.org,failed
gema@langosh.co,failed
irene@kohler-walsh.net,failed
francisco@braun.org,failed
morgan_sanford@kreiger.io,failed
taunya_schuppe@thiel-deckow.org,failed
anthony.wilderman@schuppe.info,failed
rosario_graham@marquardt.info,failed
gary@walker.com,failed
bennie@stroman.net,failed
karl_carroll@pfannerstill.name,failed
katharyn.moen@graham.net,failed
mica@bartell.io,failed
mathilde.dach@beatty.net,failed
riva.steuber@reichel-lueilwitz.net,failed
abel.mills@lesch.net,failed
carrie@walsh.name,failed
felice@metz.info,failed
howard.turner@barton.org,failed
olin_kuphal@bradtke.name,failed
jayson@cummerata.co,failed
roxy.roberts@muller.org,failed
victor@toy.net,failed
rory@hansen-lang.net,failed
minh@maggio.info,failed
frederic@shields-boyle.co,failed
gonzalo_abbott@langworth.com,failed
tenesha.macejkovic@ankunding.info,failed
wiley_schultz@koss-cartwright.biz,failed
eric.morissette@thompson.biz,failed
beaulah@abbott.io,failed
rashad_runolfsson@lynch.co,failed
hisako@boyle.com,failed
bennie.will@weimann.biz,failed
russ.jerde@schoen.org,failed
jacinto@larson-bayer.info,failed
samual@schowalter.org,failed
enriqueta@brekke.co,failed
paige_runolfsdottir@kris.com,failed
ashly.rempel@klocko.co,failed
harris.ullrich@botsford.io,failed
boris@wehner-smitham.info,failed
garry_stamm@kuphal-keebler.net,failed
rosaria@champlin.biz,failed
alejandra@harris.net,failed
thomasina.frami@senger.net,failed
lolita_torphy@hammes.io,failed
shaunna.spencer@mcglynn.biz,failed
carol.waters@nolan-glover.net,failed
alica@feil.name,failed
florene@willms-orn.org,failed
september@collins.io,failed
frederic@gorczany-mosciski.net,failed
trudi.jacobs@conroy-cummings.name,failed
stephenie@pouros-wiegand.name,failed
barton@little.co,failed
nigel@paucek-ohara.net,failed
basilia@rice.net,failed
andrea_hoeger@ward.com,failed
joseph@murazik-pollich.name,failed
stephan.crona@heathcote.name,failed
jackie@grant.co,failed
lynsey_schmitt@yost.co,failed
fidel@von.com,failed
shanel.bartell@runte.org,failed
derick.crona@walter.co,failed
johnny.steuber@mccullough.org,failed
irwin_dickens@hodkiewicz-cassin.info,failed
willene.baumbach@spinka.biz,failed
rodger@bashirian.co,failed
ellsworth@hermann-larson.name,failed
christen@bernhard.io,failed
meghan_graham@wehner.org,failed
harrison.rempel@kassulke.info,failed
shiela@macgyver.io,failed
russel_wisoky@leffler-bernhard.org,failed
jeff.pacocha@pollich-skiles.net,failed
nathanial@pagac.org,failed
maragret_hammes@luettgen-abshire.co,failed
haydee_heathcote@pagac.biz,failed
basil@cassin-durgan.info,failed
shirely_franecki@wilkinson-hansen.io,failed
sarita@walker.name,failed
concepcion@tremblay-ohara.info,failed
suzie_crona@collins.co,failed
jan@boehm.net,failed
dani@lindgren.info,failed
lanita.gutkowski@jacobs.io,failed
reiko@flatley.name,failed
cole@will.net,failed
bethann_blanda@okeefe.info,failed
leon_marvin@kemmer-mills.co,failed
ossie_hane@rice.biz,failed
franklin_hand@frami.io,failed
ingrid.kreiger@kris.info,failed
coleman.fisher@mills.biz,failed
ian@kuvalis.org,failed
raymon@kutch.info,failed
emil.ferry@harris-thompson.co,failed
prince.crona@adams.biz,failed
allyson@langworth.io,failed
gil.koch@sawayn.net,failed
vinita@lehner.name,failed
miguelina.collier@gusikowski.info,failed
marie.langworth@luettgen.org,failed
jewel_hahn@jacobs.name,failed
antoine@spencer.net,failed
connie@bradtke-ledner.io,failed
dino.rodriguez@muller.io,failed
elliot@christiansen.name,failed
trent.leannon@tremblay.io,failed
ericka@bahringer-vandervort.info,failed
armando.stiedemann@leannon-feil.org,failed
kendrick_ferry@waters.net,failed
nam@barton-berge.net,failed
lela.ondricka@hickle.info,failed
aron@bechtelar-littel.name,failed
coletta.herzog@turcotte.org,failed
gwenn.johnson@pouros-kessler.org,failed
rocco@parisian.com,failed
minda@fisher.org,failed
vania.aufderhar@wisoky.co,failed
guadalupe_von@fritsch.com,failed
shera@pfeffer-kihn.org,failed
marcos@stokes-wiza.org,failed
demetrice@torphy.net,failed
woodrow@lemke-shields.info,failed
ardell@barton.io,failed
andy_corkery@waelchi.io,failed
ricky@rolfson.name,failed
perla@torphy.com,failed
tiana_fadel@tillman-weber.com,failed
francesco@trantow.info,failed
stuart_hills@corkery-kilback.name,failed
warren@dubuque-brekke.biz,failed
jayson@hagenes.com,failed
hollis@effertz.io,failed
boris@dicki.net,failed
virgil@rippin-labadie.name,failed
milo@cole-considine.info,failed
lesley.johnston@vonrueden.com,failed
erwin@walsh.co,failed
sylvie@dubuque.io,failed
erma_lubowitz@schroeder.net,failed
elise@ward.io,failed
dorinda@gleason.org,failed
vivian.dooley@krajcik-schmitt.net,failed
karren@kunze.biz,failed
thurman@friesen.co,failed
valeri@runolfsdottir.name,failed
candie.bayer@barrows.com,failed
terence.weissnat@schaefer-bogan.io,failed
sybil@jerde.net,failed
cherise.hauck@ritchie.net,failed
rupert@casper.net,failed
enid_windler@torp.net,failed
nigel@haley-becker.co,failed
loura@farrell.org,failed
rolando@dach.io,failed
maira@hackett.com,failed
meredith@feest.org,failed
tanya.pfannerstill@swift.name,failed
myung@okeefe-streich.net,failed
felisa@prosacco-kshlerin.org,failed
cassidy@vonrueden.name,failed
patrice_torp@gleason-mills.net,failed
cheryl@halvorson-hansen.net,failed
brenna_bode@yost.org,failed
diane_mann@zemlak.biz,failed
sid@larson.co,failed
lillia@wintheiser.com,failed
cristine@herzog.name,failed
van@hagenes.biz,failed
moises@hegmann.org,failed
kermit_sawayn@wiza.org,failed
ralph@nitzsche.name,failed
zella@bogan-mcglynn.info,failed
tarra@hilpert.io,failed
retta@johnson.name,failed
arnita@grady.biz,failed
johnathon@farrell.io,failed
rocky.jacobs@von.com,failed
sherman@deckow.co,failed
sheldon_skiles@schowalter.name,failed
francis_parker@abshire.io,failed
newton@reilly.net,failed
necole.streich@stamm-lakin.info,failed
chanelle@kozey.biz,failed
isaiah_brekke@mcglynn.info,failed
andra@mills.org,failed
ellyn.ryan@cremin.com,failed
sasha.shanahan@heller-zulauf.biz,failed
alberto@blick-feest.name,failed
bryon.harber@koss.com,failed
bula_schulist@borer.org,failed
leif@grant.io,failed
louetta.davis@kemmer.biz,failed
emma@hand.info,failed
dominic@hyatt-turcotte.name,failed
buena@mckenzie.info,failed
angila.thompson@denesik.org,failed
drew@will.name,failed
evangelina@reichel.net,failed
steven.carroll@okon.net,failed
enrique@ryan.org,failed
teresita@casper-windler.biz,failed
myron.medhurst@green.io,failed
melonie.ferry@reichert.biz,failed
pierre.crona@huel-barrows.com,failed
reginald.green@gleason.org,failed
brenna@west.biz,failed
carmine.huel@nolan-reichert.info,failed
calvin@leannon.name,failed
shantell@lehner-beahan.co,failed
milford_walter@king.io,failed
arlen_zemlak@quitzon.com,failed
cesar_cormier@rolfson.info,failed
pasquale.wisozk@lehner.biz,failed
tania.gulgowski@bergstrom.biz,failed
slyvia@rippin-jast.net,failed
jarvis@orn-fisher.io,failed
herb_harber@luettgen.co,failed
casey@christiansen.info,failed
stacy@kemmer-haag.biz,failed
eddy_glover@boehm.name,failed
virgina@borer-wiza.com,failed
solange_hoeger@frami.biz,failed
rodrigo_sawayn@leuschke-borer.org,failed
reuben@mclaughlin.name,failed
keva@wintheiser.name,failed
elza.bayer@ryan.co,failed
amos@wunsch.name,failed
bess_weimann@stracke.info,failed
debi@torp-jacobi.net,failed
cecil_macejkovic@marquardt.co,failed
marty.leannon@vandervort.io,failed
roseann.bins@blick.io,failed
jimmie_gerlach@bruen.info,failed
luther_cruickshank@smitham.io,failed
franklin.anderson@jast.co,failed
marguerite@shields-swift.net,failed
eloy.medhurst@cronin.biz,failed
iesha@gleichner.info,failed
aldo_donnelly@cruickshank.co,failed
ashanti_dooley@weber-goodwin.name,failed
glenda@jones.biz,failed
alanna@renner.io,failed
bronwyn@waters-mcdermott.name,failed
erwin_bergstrom@oreilly.co,failed
manual@graham-cummerata.biz,failed
martin@feeney-romaguera.info,failed
kyla_macgyver@turcotte.info,failed
dan@ernser-stokes.biz,failed
jaimee@jones-bayer.com,failed
tobie@grimes-goyette.org,failed
mitchell@schmeler-schumm.name,failed
nakia@erdman.com,failed
reginia@quigley.co,failed
meg@predovic.org,failed
lanette@bogisich.com,failed
kirby@nitzsche-emard.co,failed
chloe@brown.org,failed
russel@altenwerth-wisoky.info,failed
elvera_hackett@macgyver-reichel.info,failed
marlana_thiel@lubowitz.info,failed
kirk@mraz-damore.co,failed
shaina_cronin@waters.name,failed
elease@hoppe-barton.name,failed
antionette@wolff-schamberger.name,failed
domonique.quitzon@hickle.com,failed
chadwick@dietrich.net,failed
lawerence_dicki@haag.co,failed
garry_beer@mcclure.info,failed
javier.mohr@dibbert.co,failed
evan@purdy-runte.name,failed
larissa@barrows-langosh.net,failed
roland@abernathy-cruickshank.name,failed
danae.wyman@howell.com,failed
jasper.botsford@johns-trantow.co,failed
tim.quitzon@schuppe.info,failed
dagny@morissette.io,failed
zachary@abernathy-hayes.biz,failed
bethel@schneider-beatty.name,failed
reed_mitchell@halvorson.name,failed
aracely_heller@rohan-mitchell.biz,failed
golda@armstrong.biz,failed
bryon.funk@kozey-nicolas.name,failed
justin@jast-west.co,failed
gregoria@hickle.biz,failed
brook@heathcote.name,failed
tanya.ziemann@monahan-lowe.net,failed
dave_cormier@gerhold-conroy.org,failed
nelida.schuppe@ankunding-rowe.co,failed
sam@steuber-anderson.com,failed
daryl@bashirian.biz,failed
lynwood.kerluke@hermann.com,failed
barrett@yost.org,failed
tyrell@mitchell-waelchi.org,failed
lani.cummerata@konopelski-kihn.co,failed
palma_berge@orn.org,failed
yuette@osinski.name,failed
jonas.bruen@little.io,failed
marlin@mills.biz,failed
vesta.funk@balistreri.org,failed
katharine@lindgren.biz,failed
lindsay.shanahan@wiegand-turner.org,failed
pete@emmerich.name,failed
archie@fay.biz,failed
jacinda_nolan@hessel-jast.name,failed
angelo_casper@willms-rath.info,failed
katherin@oreilly-ruecker.net,failed
cyrstal.stehr@greenholt.com,failed
deandre@schmidt.co,failed
bruna.moore@thiel.com,failed
shantel@hartmann-carter.com,failed
brandon@langosh.biz,failed
jade@kulas.name,failed
leandro@hagenes.com,failed
jose@pouros.org,failed
isaac_russel@emard-kessler.net,failed
clarence_schumm@kling-bruen.biz,failed
renita@schoen.info,failed
venessa@bradtke-wunsch.com,failed
salvatore@dooley-labadie.biz,failed
vania@schmeler-hayes.name,failed
marty_ondricka@orn.org,failed
eugenio@adams.info,failed
ulysses.mitchell@huel.biz,failed
toya.schowalter@heathcote.info,failed
gabriella.moore@reinger-quigley.io,failed
oswaldo@heaney-heller.io,failed
roxane@weimann.com,failed
alec@kuhic.net,failed
tonita_terry@keeling.io,failed
gregorio@bergnaum-hoppe.biz,failed
charolette.fay@west.info,failed
miquel@schaden.net,failed
edith.terry@beatty.co,failed
min@ortiz.com,failed
milo_beer@mccullough.org,failed
dick@torp.biz,failed
luann_harris@keeling.io,failed
marg.brakus@ferry-goyette.io,failed
hoa_walsh@hermann-hayes.com,failed
aurelio.ohara@zboncak.net,failed
harley@morissette.org,failed
katharine@cummerata.info,failed
phillis.sauer@lowe.biz,failed
zachariah_walker@adams.com,failed
sonja@huels.org,failed
shannan@casper.info,failed
lachelle@fisher.name,failed
rico@corwin-shields.biz,failed
mason.kozey@simonis-smith.co,failed
alec@conroy-fay.com,failed
henry.bernier@heaney-feeney.com,failed
pei@marquardt.org,failed
hong@mohr-ondricka.co,failed
colton@renner.info,failed
alethea@lubowitz.co,failed
major@huels.name,failed
jewell_mosciski@ward.info,failed
ula@keebler.name,failed
nerissa_schneider@swift.co,failed
kasha@lang.co,failed
lucas_ryan@zieme-daugherty.io,failed
tracy@dach.io,failed
rhonda_okon@price.info,failed
jody@king.io,failed
felipe_homenick@mann.io,failed
lane@rogahn.org,failed
harold@rolfson.net,failed
andre_rath@macgyver.co,failed
zack@orn.name,failed
ashley@cassin.io,failed
broderick.green@herzog-reilly.net,failed
isidro.morissette@zemlak.name,failed
daniele@goldner.org,failed
byron@pacocha-barton.com,failed
stephani.legros@schiller-anderson.org,failed
devin@kirlin-kiehn.co,failed
laure@hammes.co,failed
domingo@mertz-ernser.io,failed
jimmie_krajcik@doyle.io,failed
graham_lynch@bosco-crona.org,failed
anthony.dicki@willms.io,failed
meghann@lang-wiza.biz,failed
anjanette.schulist@pouros.info,failed
hana@zieme-sawayn.info,failed
fiona_keebler@heller.info,failed
tran@sipes.io,failed
benton_fay@mccullough.name,failed
margot_johns@funk-corkery.name,failed
laurette.beer@kemmer.io,failed
zetta@goldner.com,failed
elnora@cremin.com,failed
renetta_kiehn@lockman-okon.io,failed
maida@raynor.co,failed
clifton@murray.biz,failed
trinidad.davis@leffler-stracke.net,failed
marco@predovic.name,failed
kazuko@gutkowski.io,failed
francisco@ward-raynor.info,failed
erlene@collins-gerhold.org,failed
rueben_kautzer@senger.com,failed
logan_jerde@keeling-fahey.org,failed
tressa.thiel@pollich.info,failed
lory_gottlieb@wyman.co,failed
ira@donnelly-mohr.name,failed
ben.champlin@hauck.info,failed
jan_vandervort@heidenreich.com,failed
leopoldo@rohan-olson.name,failed
edmundo_oreilly@stark.co,failed
julio_frami@nienow-reilly.name,failed
caron@emard.biz,failed
romeo@hand-tromp.biz,failed
ray@stoltenberg.net,failed
clelia.hansen@bahringer.name,failed
abe_mraz@bauch.com,failed
jeanie_batz@bechtelar.io,failed
micah.sauer@smitham-senger.name,failed
jeromy@walsh-fadel.info,failed
darrick@lehner.biz,failed
estefana_bernhard@roberts.co,failed
kirstin@mraz.com,failed
kerry_balistreri@spinka-windler.biz,failed
marleen_kling@bernier-west.info,failed
jae@schroeder-mcdermott.biz,failed
carmel.hilll@marvin.com,failed
tracey.rowe@heaney.net,failed
robbin_auer@wyman.biz,failed
torrie@lind.net,failed
zachariah@mcglynn.co,failed
stephenie@davis.biz,failed
breann@streich-barton.biz,failed
reita@gutmann.info,failed
isadora@gottlieb.com,failed
sal@connelly.info,failed
neville@marquardt.com,failed
ira_ziemann@runte-nader.biz,failed
arnoldo.hahn@robel.biz,failed
reuben_watsica@deckow-mueller.io,failed
lilliam@farrell-yundt.io,failed
evelina_runolfsdottir@mccullough.io,failed
prince@stanton.net,failed
kelly@aufderhar.io,failed
raleigh@kunde.org,failed
ardella@lockman-braun.co,failed
shelby_doyle@conn-wehner.name,failed
rhoda.stamm@grant.org,failed
bruce.leannon@reinger.com,failed
giovanni@dickens.co,failed
aracely@haley.biz,failed
jesus_turcotte@mcglynn-olson.info,failed
hugo_moen@mohr.io,failed
shayla.cummings@mccullough.org,failed
aaron_bauch@greenholt.co,failed
ruth@kunde.io,failed
zoe_mcclure@carter-swaniawski.biz,failed
demarcus@gleason-kerluke.com,failed
roger.schulist@bogan-zboncak.net,failed
shannon@tromp.org,failed
allyn@schinner.org,failed
fausto.simonis@kohler.org,failed
easter@deckow.co,failed
terry.thiel@fahey-leffler.co,failed
curt@larkin.net,failed
keturah@simonis.com,failed
earleen@medhurst.name,failed
shirlene.quitzon@wolf.info,failed
richie@grimes.io,failed
dawne.borer@oberbrunner.com,failed
alden@kozey-reynolds.info,failed
wynell@douglas.name,failed
otis@mohr-metz.info,failed
andra@herman-stamm.biz,failed
mauricio_schmidt@rolfson-littel.info,failed
mariam@gulgowski-pollich.info,failed
clair_harvey@hansen.com,failed
loni.boyer@feil-ratke.name,failed
angelena@labadie-abernathy.info,failed
