gary@keebler-parisian.com,opened
cesar.quitzon@steuber.name,opened
gaston@mohr.name,opened
bulah.bradtke@torp.biz,opened
gladis@labadie.com,opened
hank.williamson@kautzer.io,opened
rebecka@oberbrunner-oconnell.co,opened
jessie_okon@bradtke.co,opened
frieda@cruickshank-hintz.info,opened
sharice@bergnaum.org,opened
elden_glover@harris.io,opened
wilson.pfannerstill@thiel-kozey.name,opened
mandi_streich@oberbrunner.co,opened
hiram@watsica.net,opened
myron@hilll-keeling.net,opened
audria.smitham@emmerich.io,opened
hong.becker@roob-carroll.io,opened
rolanda_hartmann@dickens.info,opened
latesha_hickle@mosciski-gulgowski.name,opened
cristine.schumm@ryan.io,opened
charlena_ziemann@barrows-kirlin.biz,opened
carter.bode@rodriguez-hansen.co,opened
lory@schroeder.co,opened
rogelio@schinner.info,opened
clifton@thiel.io,opened
treasa_schiller@donnelly.io,opened
deon@hettinger-white.co,opened
jules.rempel@bradtke.info,opened
contessa_ernser@lubowitz-bradtke.com,opened
annamaria.wilkinson@mraz-nader.name,opened
bao_kirlin@mccullough.io,opened
rudolf@casper.name,opened
oscar_collier@bednar.com,opened
gonzalo@ratke.co,opened
oneida@greenholt-tremblay.info,opened
kathi_collins@purdy.org,opened
digna@hilll-rohan.co,opened
mariette@feil.com,opened
jamey@cummerata-jacobson.io,opened
mayola.bruen@kiehn.name,opened
adrienne@feeney-nienow.info,opened
bernie@ebert.name,opened
harvey.hettinger@tromp.co,opened
jacob.tromp@bernier-ruecker.io,opened
liza.stiedemann@bayer.io,opened
era_hoeger@feil-mckenzie.org,opened
brianna@thompson-bergnaum.net,opened
esteban@olson.biz,opened
minh.jones@ritchie.biz,opened
russell@wintheiser-pfannerstill.net,opened
hipolito@beer.io,opened
vonda@labadie-koepp.info,opened
branden@okuneva.name,opened
sook.bosco@schroeder.com,opened
rex@turner.net,opened
laronda@hintz.net,opened
christopher_cremin@powlowski.info,opened
nathan.kautzer@kirlin-nitzsche.biz,opened
shizue_rath@monahan.com,opened
arlen@brekke-herman.name,opened
thanh@russel.net,opened
ira_johns@howell.com,opened
hilario@oreilly-ebert.com,opened
gerard_johnson@toy-leannon.name,opened
max@prosacco.biz,opened
willie.lang@dibbert.net,opened
sharonda@hintz-sawayn.com,opened
josefine_kunze@kassulke.info,opened
damien.herzog@harvey.info,opened
prince@upton.co,opened
genaro@pouros.co,opened
domingo@mante.io,opened
margarito@kirlin-cummings.com,opened
olin@douglas-carter.name,opened
rosalyn.weber@hagenes.co,opened
tyrone@crooks-erdman.net,opened
rickie.schinner@price-dach.net,opened
lorenzo@borer.name,opened
mirian@gutkowski.io,opened
danielle.armstrong@schmitt.net,opened
lottie@zieme.org,opened
collette@dickens-daniel.io,opened
dwayne@simonis-lynch.biz,opened
princess@dooley.io,opened
berta_jast@orn.net,opened
marx_sawayn@hodkiewicz.net,opened
keitha@grimes.org,opened
amos@ratke.io,opened
nakia@baumbach-maggio.com,opened
reginald_boyle@hudson.io,opened
ashanti.gerlach@stroman.io,opened
pierre@bauch-strosin.net,opened
kurtis_schaefer@monahan.io,opened
sandie@rempel.com,opened
sueann.zboncak@sporer.com,opened
priscila_upton@senger.net,opened
edra@wyman.com,opened
jestine_stehr@berge.org,opened
mireya_schultz@schmidt.co,opened
marjorie_conn@lueilwitz.name,opened
marshall_dicki@raynor-ondricka.biz,opened
ernie@huel-harris.org,opened
jose_lehner@labadie.org,opened
hermine.emard@bailey.co,opened
ernestina.schamberger@senger.io,opened
retta_streich@bode.org,opened
mellie@hermann-huels.info,opened
gerald@friesen.net,opened
loreen.kuhlman@lindgren.info,opened
reid@cartwright.name,opened
mertie@gulgowski.io,opened
michele@kub-lehner.org,opened
isaias_ortiz@cummings-medhurst.com,opened
maida.mclaughlin@ruecker.biz,opened
kennith_walker@johnston-bechtelar.io,opened
israel@bailey-schuppe.name,opened
nguyet@stoltenberg-corwin.org,opened
garret@mayert.io,opened
lindsey_mills@larson.biz,opened
sung@reynolds.info,opened
anthony_miller@stark-schmeler.com,opened
alisha.pouros@feest.net,opened
ethyl@schiller.io,opened
darrel@watsica-douglas.io,opened
ricky@koepp.biz,opened
saul@wiegand-pagac.biz,opened
cyrus@boyle.biz,opened
barney@simonis-bosco.biz,opened
cesar@torphy-heathcote.net,opened
tim_hoppe@lesch-denesik.name,opened
caleb@johns.net,opened
junior_cronin@kreiger.com,opened
jamison_murazik@hansen.org,opened
max@becker.org,opened
reid.gerhold@runolfsson-barrows.io,opened
shad@wuckert.com,opened
esta@oconnell.io,opened
murray_orn@witting.io,opened
patrick@howe-quigley.info,opened
shan@johns-schamberger.info,opened
sallie.tromp@kunze-luettgen.org,opened
garrett@schaden.io,opened
numbers_schaden@jerde.net,opened
josie@lesch.com,opened
floria@dicki.name,opened
amado@murray-murazik.co,opened
brian@harris-thiel.name,opened
mitchell@windler.com,opened
raguel@jast-haag.biz,opened
mayra@breitenberg-pagac.com,opened
damon@okuneva-reinger.biz,opened
irving@hagenes-mills.biz,opened
daniele_flatley@lakin-dooley.io,opened
kasie_mraz@satterfield-cummerata.info,opened
lura@rau-sanford.co,opened
cleo@hermann.name,opened
lyndon.hermiston@mitchell-bradtke.name,opened
alease.russel@gusikowski.org,opened
shanna@davis.co,opened
maynard@dubuque.info,opened
jin.lind@littel-koepp.net,opened
camilla@padberg.info,opened
jeremy@gerhold.com,opened
harley@kuhic.com,opened
vince@koepp-langosh.net,opened
lizzette@turcotte.com,opened
conception.cole@braun.co,opened
kenneth@boyer-beatty.net,opened
van.deckow@koepp.io,opened
taneka_vonrueden@mosciski.io,opened
twyla.ondricka@pfannerstill.io,opened
sammy_wiza@mosciski.name,opened
herman@mayer.biz,opened
marcel@spinka-cummerata.co,opened
alfonzo.shanahan@armstrong.net,opened
alan_breitenberg@harris.co,opened
henry@krajcik.io,opened
jerome@mcglynn-ruecker.biz,opened
marcos@cronin-homenick.biz,opened
arturo@conroy.info,opened
rebeca@ohara.org,opened
ayanna.johnston@mayer.com,opened
louie_dickens@considine.info,opened
gretta_kunze@dickens-zieme.io,opened
inez_macgyver@reichel.biz,opened
al@brekke-hane.name,opened
vi@jenkins.org,opened
refugia.jast@wunsch.name,opened
phebe@lakin.net,opened
natashia@ward-schroeder.info,opened
raul.bernier@dach.co,opened
stephani.blick@mclaughlin.biz,opened
randal@harber-maggio.name,opened
eloise.schuster@barton.name,opened
dylan_kilback@hansen.name,opened
dexter_swaniawski@kunde.biz,opened
evan.bradtke@kunde-wisoky.net,opened
alesia@shields-purdy.io,opened
heriberto@lubowitz.net,opened
vance_goyette@rogahn-beahan.com,opened
travis@bashirian-buckridge.org,opened
andre_schultz@senger.io,opened
rodger_davis@watsica.co,opened
jimmy_davis@prohaska.com,opened
drucilla.heaney@stark-hermann.name,opened
tom@rutherford-pouros.net,opened
genny@bailey.com,opened
rena@mills-langworth.org,opened
kristina@kunze.info,opened
zetta@schaefer.biz,opened
freddie.langworth@mann.name,opened
eliza@renner-mills.co,opened
aleshia.mcdermott@kilback.biz,opened
jacqui@parker.org,opened
isabel@lang.info,opened
loura_deckow@stracke-fadel.net,opened
adriane_corkery@bergstrom.org,opened
cassaundra.runte@parker.org,opened
margene.funk@rau.io,opened
ivan_harvey@graham-christiansen.org,opened
bernard.gorczany@volkman-reichel.name,opened
lanell.hodkiewicz@dickens.io,opened
telma@labadie-hoeger.co,opened
parker@reichel.io,opened
audra_fay@weissnat.name,opened
robin@blanda.org,opened
vergie_pollich@bahringer-paucek.io,opened
cassi_ledner@goyette.io,opened
katelynn@watsica-rogahn.com,opened
benton_morissette@bogan.name,opened
marcie@nader.org,opened
karleen_pacocha@mohr-reichert.info,opened
genaro@marks.info,opened
kera@thiel-hand.info,opened
duncan_schmitt@hermann.biz,opened
pamela@mayer.net,opened
alisia@koch-zemlak.com,opened
kirk_windler@becker.com,opened
rosa_morissette@wunsch.co,opened
alec@lang.co,opened
kenda.strosin@schmidt-boyer.com,opened
collin@macgyver.net,opened
marla@mertz.io,opened
lesley_kerluke@monahan.io,opened
daren_gerlach@hansen-thompson.biz,opened
jutta@jacobson-kozey.io,opened
clinton.bauch@luettgen.net,opened
mary.raynor@mcclure.name,opened
fermin@schulist.io,opened
jaime_treutel@farrell.biz,opened
torie@cronin.name,opened
danial@spencer.info,opened
lili@labadie-conroy.co,opened
robert@hoeger.net,opened
herma@ohara-franecki.org,opened
hobert_orn@corwin-yundt.co,opened
erick_ledner@king.info,opened
werner@wisoky.name,opened
marybeth.runolfsdottir@parisian.name,opened
duane.strosin@walter-abbott.co,opened
kim@bernier.io,opened
sydney_klocko@gutmann.biz,opened
eliza@wehner.io,opened
ali_quigley@abbott.org,opened
shelby.volkman@terry.co,opened
alaina@gislason-schuppe.info,opened
marya.cronin@heathcote.io,opened
ray@weber-king.io,opened
loren@fahey.biz,opened
classie@ullrich-lubowitz.name,opened
florrie@mcclure.name,opened
joey@tremblay.co,opened
jan@price.name,opened
sana@king.io,opened
jack.vandervort@kessler.org,opened
deandra_satterfield@bechtelar.com,opened
twanda.considine@hilll-cronin.org,opened
virgil_schumm@kertzmann.net,opened
maybell@schulist.io,opened
siu@jacobi.info,opened
pennie.kihn@bednar.org,opened
marisol@okeefe-bode.name,opened
melvin.gulgowski@russel.org,opened
claudie.konopelski@swift-moore.com,opened
santos@osinski.name,opened
caridad_hartmann@torp-olson.org,opened
nicolette.haag@russel.co,opened
jessi@luettgen.name,opened
wallace@wuckert.name,opened
tammy@berge.info,opened
kelvin@reinger.info,opened
hans_hagenes@ortiz.name,opened
cary@larson-jacobs.info,opened
bernice@carter.org,opened
altagracia@west-luettgen.co,opened
mitsuko@labadie.co,opened
gretchen@jerde.net,opened
candy_turner@torphy.com,opened
luz_volkman@windler.biz,opened
gonzalo_williamson@dietrich.net,opened
elvia.denesik@labadie.co,opened
nicholas@pouros-hilll.io,opened
kiera.larson@pollich.name,opened
shenna@casper.info,opened
carroll@kub.net,opened
tommie.morar@lemke-lubowitz.net,opened
kathryn_kerluke@kuvalis.info,opened
yan@rutherford.co,opened
charolette@schultz.org,opened
vernia.reilly@gusikowski.biz,opened
minda_beatty@hartmann.biz,opened
lavon_nitzsche@ritchie.info,opened
sol@luettgen.org,opened
armando@macejkovic.net,opened
randy@reynolds.biz,opened
willette_osinski@wolf.com,opened
mamie@mann-frami.info,opened
anya@swaniawski.com,opened
frankie@stokes.info,opened
mayme@weber.co,opened
krissy@zboncak.org,opened
eneida@greenholt-stehr.io,opened
reuben@mcglynn.name,opened
bruno@prohaska.co,opened
cristopher_treutel@bruen.net,opened
broderick.homenick@hamill.org,opened
theo_bernhard@fritsch.net,opened
britt@kreiger-mayer.name,opened
edgar@oberbrunner.co,opened
wilmer@will.info,opened
bradly.rosenbaum@ferry.name,opened
jewell_morar@carter-beer.info,opened
leopoldo@feest-stark.co,opened
darrell@kutch.biz,opened
stephany.bauch@von.co,opened
ina@nicolas-padberg.io,opened
lenny.murazik@stehr.name,opened
tifany_rempel@orn.net,opened
annemarie@kunde.biz,opened
tristan@jacobs.info,opened
rocky@huels.io,opened
monroe@yundt.info,opened
everett@leannon.biz,opened
dorothea.cormier@greenfelder.com,opened
maritza@larson.net,opened
johnna_satterfield@padberg-legros.info,opened
tamatha@simonis.info,opened
dani.spinka@keebler.com,opened
alexia_dooley@abernathy.info,opened
tiffany@lebsack.co,opened
rodney@hand-bednar.biz,opened
nickie.sawayn@glover.io,opened
nubia@willms.info,opened
winford.keeling@schuppe.co,opened
stanton_moen@bogisich-hahn.org,opened
raul.green@anderson.biz,opened
melba_blick@friesen-collins.co,opened
hong@stehr.co,opened
bianca@purdy.com,opened
shannon@schaefer-hartmann.co,opened
mike_cronin@wintheiser-ziemann.org,opened
ward_howe@nikolaus.info,opened
marvel@harris.name,opened
roselee@mcclure.name,opened
madaline@bergstrom.biz,opened
elida_lang@hermiston.com,opened
keva@mueller-kub.com,opened
guy@ziemann-walsh.org,opened
libby.little@moen.co,opened
jamison_mckenzie@willms-koch.org,opened
minta_koss@renner-ziemann.org,opened
dinah@towne.co,opened
cheryl.gleichner@gleason-aufderhar.net,opened
mac@hammes.name,opened
somer.nolan@pagac-ondricka.name,opened
jacques_west@turcotte.co,opened
danille@keebler.co,opened
shane@rolfson.co,opened
dudley@erdman-hilpert.biz,opened
teddy@pagac.io,opened
zachery_homenick@murphy.com,opened
ericka@gleason-grady.co,opened
erma@dare.co,opened
leon@nikolaus-predovic.info,opened
art@kris-bosco.org,opened
sean_dubuque@jast.info,opened
daphne@bauch-boyle.com,opened
damon@bayer-oreilly.info,opened
rochel@johnston-wiegand.biz,opened
darci_jones@mertz.name,opened
darnell_davis@hahn.net,opened
cassey_bode@kertzmann.name,opened
anya.schiller@brekke-bayer.biz,opened
kristopher@kunze-schumm.biz,opened
shanice_funk@wiza.biz,opened
dean@feil.info,opened
katina@schaefer.io,opened
will.reichel@sauer-reinger.biz,opened
ward_steuber@shields.biz,opened
antonia_green@bailey-gutkowski.net,opened
ian.harris@metz.name,opened
ferne_runolfsdottir@braun.biz,opened
leroy.gerlach@moen.name,opened
trinidad_boehm@barrows.biz,opened
ozella@bauch.info,opened
sandee@bergstrom.co,opened
rubye@mills.io,opened
dawn@haley.io,opened
vivan@gottlieb.com,opened
janyce_hamill@mertz.info,opened
cherrie_heidenreich@haag.org,opened
jamel_mills@rice.net,opened
juliet@kassulke-parisian.biz,opened
chase_schultz@rau.com,opened
fredrick@wisoky.name,opened
devon@wyman.io,opened
laurence@fay.info,opened
joesph@west.io,opened
angeline.pagac@blick.name,opened
von@kuhlman.net,opened
venus_bayer@glover-stracke.org,opened
cameron@west-bogan.io,opened
melia@thompson.org,opened
rosamaria@weissnat-haley.io,opened
annice@bogisich-hoppe.io,opened
gil@skiles.org,opened
belkis_roob@hegmann.info,opened
lettie_lemke@anderson.info,opened
yun_towne@hermann.name,opened
ione@ward-rosenbaum.net,opened
guy@hartmann.org,opened
humberto@bechtelar-pfeffer.co,opened
leesa@russel-cole.biz,opened
wonda_sporer@haley-donnelly.com,opened
bailey_bruen@howell.com,opened
prince@lemke.com,opened
nathanael@wolff-harvey.co,opened
linwood_willms@graham.org,opened
kaleigh.hills@flatley.net,opened
kecia@turner.org,opened
louisa.bogisich@rosenbaum.net,opened
carroll@crooks-stiedemann.com,opened
hugh_hahn@purdy-denesik.name,opened
elliot.waelchi@torp.name,opened
antone@torp.info,opened
neely@hyatt.info,opened
omar_balistreri@legros.com,opened
mervin@walter.co,opened
rufina_keeling@windler-mitchell.co,opened
marilu.yundt@green.info,opened
rocky@raynor.info,opened
deon.graham@russel.info,opened
sterling.macgyver@murray.co,opened
ward.harris@schmeler.info,opened
dora@fisher.biz,opened
jana@greenholt-mante.co,opened
daryl@ebert.co,opened
madeline@bernhard.org,opened
earlie_ryan@fritsch.co,opened
fredric@spencer.io,opened
lovie@barton-dickinson.net,opened
shanda@huel.org,opened
russel@buckridge-kovacek.info,opened
sharyl@schinner-ritchie.co,opened
gidget@wunsch.com,opened
grant@brown.net,opened
dorian.beatty@smitham.name,opened
minta_heaney@smitham-gorczany.org,opened
ressie@altenwerth.biz,opened
humberto@vonrueden-welch.com,opened
cathey@kuhlman.info,opened
alvaro.emmerich@gottlieb-dicki.org,opened
karry_beier@windler.com,opened
estelle.mosciski@bruen.net,opened
bruno_jacobs@mante.org,opened
bridget.ward@dach-hackett.info,opened
hong.davis@wunsch.co,opened
lyman_rolfson@streich.com,opened
phyliss@mayer.co,opened
eliseo.mante@lebsack.io,opened
troy@durgan-stroman.io,opened
eddy@batz-wunsch.info,opened
brant@goyette.biz,opened
wilbur_senger@prohaska-schroeder.net,opened
wally@schamberger.biz,opened
corine@hagenes.net,opened
carlie@willms.info,opened
grady@smith-dubuque.info,opened
argelia@romaguera.io,opened
christoper@nolan.net,opened
iris@jerde-block.net,opened
chas_schroeder@schoen.biz,opened
mose.sauer@wilderman.name,opened
alessandra.halvorson@ziemann.info,opened
kareem_kiehn@becker-jast.biz,opened
nia_huels@schumm-murazik.net,opened
cherly.keebler@emmerich-schultz.co,opened
eldon.cummings@franecki.com,opened
kristopher.romaguera@kirlin.biz,opened
lowell.schamberger@bradtke.org,opened
alonzo@orn.net,opened
danica@wuckert-ortiz.net,opened
rosalia@reinger.biz,opened
earlean_cassin@beer-boyle.org,opened
nikita.howell@labadie.org,opened
daysi@beier-mante.co,opened
tory_schmeler@effertz.net,opened
willis.denesik@schuppe.net,opened
magan.huel@hackett.info,opened
theda@runolfsson.com,opened
terrance.douglas@howell-heaney.co,opened
alden@kuphal-rolfson.net,opened
phillip_fay@macgyver.info,opened
cordia_runte@barrows.biz,opened
so_brekke@nicolas.co,opened
reed.mertz@dickinson.com,opened
jamika@wilkinson.com,opened
virgina.ankunding@schinner.org,opened
curtis.stoltenberg@sipes-roberts.name,opened
jeanie@koelpin.org,opened
buck@lind.com,opened
hipolito@windler.com,opened
sydney@little.org,opened
rudolph@braun-renner.net,opened
adah_ohara@wyman-sauer.biz,opened
cecil@donnelly.net,opened
kelsie_abshire@gorczany-stanton.co,opened
ollie_bailey@ratke.name,opened
berry_wisozk@klocko.name,opened
mattie@reichert.com,opened
mohammad_watsica@harris.io,opened
mitsuko_rodriguez@kling.co,opened
lino@funk.com,opened
pete.jacobi@mann-shields.io,opened
daren@keebler.net,opened
darci@barrows.org,opened
marvis@labadie.com,opened
gerardo.hoppe@oconnell-kshlerin.org,opened
tobias_kuhlman@sanford-yost.info,opened
royce_ortiz@lakin.biz,opened
martin_reinger@dicki.name,opened
victoria_lindgren@conn.net,opened
emmett@bartell.io,opened
simon@upton.info,opened
milo_schulist@kutch-becker.biz,opened
georgine@lesch-buckridge.biz,opened
leida_bahringer@lindgren.com,opened
kraig_mills@stiedemann-price.net,opened
mallory@king.io,opened
jin.vandervort@goyette-zboncak.io,opened
branden_bosco@veum.org,opened
nga@cummerata.name,opened
neomi@fay.info,opened
terence@ferry-walker.biz,opened
cindi.towne@koss.co,opened
hilary@luettgen-kuphal.info,opened
caterina_bogan@hayes-lind.co,opened
valentine@corwin.com,opened
jay_fay@hauck-zieme.org,opened
jacques@keeling.io,opened
buster@sawayn-stehr.info,opened
leonel_kunde@wolff.co,opened
hoa@koelpin-cummings.net,opened
jeff.hahn@kulas.org,opened
celestine.quitzon@quigley.com,opened
jenni@weber.info,opened
isiah.streich@schuppe.co,opened
loree_gusikowski@kub-jacobson.com,opened
rene@predovic-stark.com,opened
donnie.barton@ondricka.info,opened
aleida@jakubowski.info,opened
dian@keeling.io,opened
jewel.rempel@schneider.biz,opened
janise@goodwin-murphy.net,opened
hilario@lockman-raynor.org,opened
amada.kutch@willms-jones.org,opened
eloy@bernhard-hodkiewicz.info,opened
jame.hudson@huels.info,opened
bette@grady.io,opened
latosha@vonrueden-mosciski.com,opened
hyo.little@bailey-howe.biz,opened
nicolas.rosenbaum@hermiston.co,opened
providencia@corwin.com,opened
rolland.walter@luettgen.name,opened
nada.sauer@thiel-jerde.com,opened
rey_quigley@auer.com,opened
iva.windler@hackett.io,opened
treena@kihn.biz,opened
pearly.reichel@nienow.name,opened
alberto.wiegand@vandervort-monahan.net,opened
corey_deckow@schumm.name,opened
debrah@olson-luettgen.info,opened
fausto.ritchie@ruecker.io,opened
pearl.conn@runolfsdottir.biz,opened
teodoro@paucek-labadie.com,opened
joye.dietrich@gulgowski.co,opened
berry_thiel@kautzer.co,opened
ngoc_krajcik@wisozk.co,opened
ronny_jacobi@hagenes.name,opened
garret_feil@parisian.com,opened
leonard@halvorson.com,opened
ozella@hickle.co,opened
lucien_konopelski@pollich.biz,opened
matt_osinski@rice-bauch.co,opened
xavier@kuhic.name,opened
dallas.reynolds@reichel.net,opened
lillia_kertzmann@johnson.com,opened
sharice@lockman.io,opened
emery@kutch.biz,opened
cliff@carter.co,opened
doyle@doyle.biz,opened
iona@kuhic.co,opened
arthur.renner@smitham-murphy.info,opened
bret@parker.com,opened
benito@botsford.info,opened
bessie_thompson@ankunding.io,opened
anton@ward.name,opened
hermina@corwin.org,opened
dillon@kub.com,opened
maximina.sanford@wilkinson.co,opened
fran_schoen@ward.co,opened
rayford_gleichner@roberts.io,opened
gene_runte@hahn.co,opened
alida@johns-davis.org,opened
inga_powlowski@gislason.net,opened
octavia@kiehn-russel.co,opened
xavier_rogahn@gibson-kertzmann.name,opened
lurlene.harber@bruen.biz,opened
lahoma@strosin.org,opened
eldridge@anderson-maggio.name,opened
felisa.stamm@shields-price.co,opened
yang@beer.net,opened
mary_stoltenberg@marvin-trantow.co,opened
patrina.reichert@runolfsson-mcglynn.net,opened
daniell@runolfsdottir-gutmann.name,opened
janean@halvorson.name,opened
deedra.koelpin@muller.name,opened
renda@doyle.co,opened
leroy@medhurst.net,opened
jessika.cassin@heathcote-daniel.org,opened
del@greenfelder-schuster.com,opened
izola_auer@vonrueden.biz,opened
jeffery_cummings@ortiz.info,opened
jerrold@goldner-christiansen.net,opened
carl@connelly-schmeler.info,opened
kassandra_sauer@ritchie.name,opened
cythia@reichel.name,opened
minnie_lynch@mclaughlin-bednar.org,opened
kimberlee_gerlach@mcglynn.name,opened
zulma@schoen-wunsch.co,opened
marcel_veum@balistreri.name,opened
mohamed.hamill@stiedemann.org,opened
peg.marvin@lubowitz.org,opened
max.kuhic@hayes-sawayn.co,opened
shellie@gutkowski.net,opened
noe_windler@swift.net,opened
troy@greenholt-sporer.com,opened
jefferey.ernser@halvorson-becker.com,opened
herminia_shields@wolf.name,opened
romeo_koch@bednar.co,opened
maryann.walter@mcdermott-douglas.co,opened
linda@robel.io,opened
jerry@carroll.net,opened
leandro@davis.net,opened
zelma.lakin@trantow.com,opened
lucilla_strosin@price-jast.biz,opened
graig@bins.net,opened
barb.kihn@hauck.io,opened
philomena.pacocha@hahn.com,opened
charles_kshlerin@harber.io,opened
shaina@koch-kiehn.biz,opened
megan@lueilwitz.info,opened
juan.hilll@rowe.com,opened
kym_satterfield@crona-bogisich.net,opened
vincent@schultz.biz,opened
erich.hammes@schaefer-bosco.io,opened
cherish_grant@welch-lakin.co,opened
dale@baumbach.co,opened
ethan_fritsch@satterfield-jenkins.info,opened
vinnie_trantow@rowe.biz,opened
dennis@erdman.net,opened
mohammed@mcglynn-romaguera.name,opened
rashad@hills.info,opened
dwain.oberbrunner@leffler.name,opened
twanda@smith-nikolaus.name,opened
neida.koelpin@hegmann.net,opened
carl_schaden@hayes-becker.org,opened
seth@paucek-hammes.name,opened
percy@marvin-kemmer.biz,opened
ismael@bernhard.biz,opened
chong_halvorson@tromp.org,opened
reid@hilll.com,opened
virginia@predovic.org,opened
latarsha@kunze.name,opened
antoine@wiza.org,opened
graig@gerlach.org,opened
stacie_tromp@nicolas-hodkiewicz.io,opened
theodore.yundt@zemlak-morissette.io,opened
marcellus.gutkowski@welch-grady.biz,opened
julie@moore.net,opened
latonya_ullrich@barrows.info,opened
lavon.rath@rice.org,opened
dannie.barton@bins-kozey.net,opened
tyisha@okuneva.com,opened
cleo.rolfson@schamberger.io,opened
bobbie_herman@huel-wilkinson.co,opened
stephani@yundt.com,opened
ron_schneider@nader-paucek.com,opened
leo.zieme@ortiz.info,opened
candy@murazik-ernser.biz,opened
yee@cassin-kozey.com,opened
hilton@kris.com,opened
francis@keebler.biz,opened
cathi@satterfield.org,opened
tommie@pfeffer-reilly.net,opened
timothy.smitham@kessler.co,opened
alexandra_kris@hodkiewicz-smitham.net,opened
orval@fritsch.name,opened
elena.gislason@wunsch.io,opened
cory@okeefe.co,opened
gerardo@hane-huels.net,opened
maile.luettgen@keebler-reynolds.io,opened
hillary.keebler@baumbach-dicki.com,opened
mitsuko@wiegand-deckow.org,opened
bertie@schaden.co,opened
chu_murray@nicolas-huels.biz,opened
hiram@reilly.io,opened
jacinto@tremblay.org,opened
moon.rice@cormier.com,opened
kurt@davis.name,opened
dorsey@conroy-rath.name,opened
broderick@abbott.info,opened
david.hahn@waters.com,opened
quentin.grant@spinka-heaney.com,opened
heidy_moore@kuhn-fadel.co,opened
vonnie.wyman@christiansen-steuber.info,opened
joellen@auer-haag.info,opened
enrique.casper@cremin.io,opened
maximo.lynch@west.com,opened
markus@franecki.biz,opened
sherron@schneider-koch.info,opened
nick@gutmann.org,opened
terina.willms@conroy.net,opened
jeana_ortiz@leuschke.io,opened
jonas@schultz.io,opened
keira@renner.name,opened
kenyetta.toy@nienow.name,opened
arlyne@bernier.com,opened
dusty@durgan.biz,opened
adolph.luettgen@wilkinson-prosacco.name,opened
gwenn_gutmann@leffler.io,opened
pedro@morar-becker.biz,opened
deandrea_donnelly@kautzer-mckenzie.name,opened
edward_heaney@zulauf-mckenzie.info,opened
marinda@schiller.io,opened
bernard@lynch.org,opened
sheldon_zieme@kiehn-dicki.io,opened
elmer.miller@tremblay.org,opened
marcus_botsford@walter-sawayn.org,opened
miki.romaguera@lubowitz-jacobs.biz,opened
leigha_howell@jenkins-casper.org,opened
jose.metz@ledner.org,opened
melodie@pacocha.biz,opened
edie@rosenbaum.biz,opened
ilse@hoeger-walter.io,opened
shanta_mcglynn@carter.biz,opened
tyler@terry-metz.org,opened
rod@prosacco-hoeger.biz,opened
glory@collier-bergstrom.name,opened
rodrigo.metz@rippin-strosin.name,opened
ashlyn.schaefer@ankunding.info,opened
caren.west@fritsch.com,opened
mary.lindgren@marks-turner.io,opened
letha.heaney@lehner.biz,opened
veronique@braun-flatley.com,opened
waylon.prohaska@breitenberg.net,opened
hilton@douglas-becker.org,opened
daniele.reynolds@mcglynn.com,opened
oren@lueilwitz.io,opened
vannesa_simonis@quitzon-mayer.info,opened
granville_hamill@balistreri-satterfield.net,opened
daren@gusikowski.name,opened
donetta@schroeder-larkin.org,opened
magda@marquardt-armstrong.org,opened
clayton.deckow@carter-hirthe.name,opened
morton.beier@bergstrom.biz,opened
laine@hickle-kozey.info,opened
shad.leffler@larkin.biz,opened
laurinda@wolf.biz,opened
garrett.kunde@rippin.co,opened
kayleen@weber.org,opened
gail_torphy@towne.info,opened
nestor@hackett.io,opened
dacia_torp@zboncak-rau.biz,opened
shoshana@hayes.io,opened
pat@witting-blick.org,opened
carola_durgan@wilderman.com,opened
raymon.greenfelder@okeefe.info,opened
raleigh_kassulke@grady.co,opened
hyman.leannon@braun-klein.io,opened
humberto.cummerata@collins.com,opened
tanner.bednar@walter.com,opened
soo@macgyver-thompson.biz,opened
dillon_okon@stroman.name,opened
anissa.hammes@weimann.name,opened
leonor.kessler@mohr-skiles.org,opened
kera@predovic.io,opened
brett.kihn@kunze-howe.net,opened
elden.west@tillman.info,opened
delsie.heaney@stiedemann.co,opened
yuriko@hoppe-dickens.co,opened
micha_jaskolski@kilback.name,opened
andrea_kuvalis@hilpert-wiegand.org,opened
lenard@hegmann.com,opened
asuncion.lubowitz@kutch.biz,opened
bok.howell@stoltenberg-dibbert.org,opened
floyd_lubowitz@price.io,opened
andrea_emmerich@emard.net,opened
kiersten_reichert@grant-lehner.net,opened
maudie@williamson.net,opened
ezekiel@pagac-kozey.io,opened
duane.pfannerstill@kuhn-leannon.info,opened
danny@kling.biz,opened
carson.medhurst@metz-rau.com,opened
matthew_fisher@lueilwitz.info,opened
rick@doyle-gorczany.biz,opened
malena.schmidt@larkin.name,opened
harris@keeling.co,opened
karolyn@swift-koch.name,opened
vicenta@davis.biz,opened
elba_streich@nienow.org,opened
joaquina_ortiz@kutch.io,opened
elouise@tromp.co,opened
elinore.sporer@cassin.co,opened
sheron.howe@hand.net,opened
newton_schmidt@hegmann.com,opened
normand@gutmann.co,opened
luke_bosco@stark.biz,opened
hilton_stamm@tromp.biz,opened
min.rempel@skiles.co,opened
christiana.reilly@roob.net,opened
ellamae@towne.net,opened
winfred@kub.biz,opened
gertrude_macejkovic@jast-bernhard.com,opened
francis@kuvalis-bailey.io,opened
randee_gislason@grimes-langosh.name,opened
susie.welch@treutel-ferry.name,opened
candelaria@mohr.org,opened
darin_rippin@von.co,opened
shanelle.streich@satterfield.name,opened
antwan.jast@wilderman.net,opened
krystin_morissette@sipes-wisoky.net,opened
brendan@bartell.name,opened
silas@kihn.com,opened
helaine.stokes@heidenreich.io,opened
riley.mante@ullrich.name,opened
long_schmeler@mcdermott.org,opened
guillermo.luettgen@oreilly.io,opened
edmund@kutch-mccullough.info,opened
vicente@bogan.net,opened
socorro@anderson.io,opened
monnie_stokes@davis.co,opened
luann@hagenes.info,opened
angelyn@collins.biz,opened
isaias.considine@yost-block.io,opened
shaunta@collier-klocko.org,opened
ardith@barton-abshire.net,opened
daniel_schmidt@skiles-jacobs.io,opened
lewis@johnson.org,opened
agnes@goyette-kozey.co,opened
iola@stoltenberg.info,opened
nova_goyette@witting.net,opened
walter@wiza.com,opened
benito@kuhn-denesik.org,opened
rory_fadel@russel.info,opened
noe@flatley.com,opened
tommye@daugherty.org,opened
theodore_bergnaum@tromp.biz,opened
judy.schamberger@jenkins-davis.name,opened
bradly.bogisich@runte.info,opened
buddy.herman@abbott.biz,opened
dante_doyle@romaguera.name,opened
malik@purdy.info,opened
nannette.beahan@ankunding.co,opened
myrna@kertzmann.org,opened
abigail@auer.org,opened
michaele_zieme@nicolas.name,opened
ned.rutherford@crooks.co,opened
jeanene@jacobs.org,opened
chelsey@ritchie.com,opened
sadye@schamberger-kuvalis.name,opened
janel.macgyver@lueilwitz.net,opened
ligia.mcclure@cummerata.biz,opened
alla@walter.io,opened
frederic@mante.name,opened
gil@crona.com,opened
concepcion@kilback.name,opened
stanley@prosacco.info,opened
stephania.murphy@lang.com,opened
criselda@littel.io,opened
bebe_rath@nikolaus.io,opened
domitila@windler.biz,opened
lyman@franecki-veum.com,opened
kristeen@grant.info,opened
kathyrn@brown-lehner.biz,opened
gil_raynor@bednar.org,opened
madalyn@runolfsdottir.com,opened
celena@huels-koepp.biz,opened
giovanna@kozey.biz,opened
fausto.gleichner@hettinger-schoen.com,opened
karolyn@beatty.net,opened
claudia@white-kuhic.name,opened
diane.ondricka@nienow.com,opened
georgeann_bartell@stoltenberg.org,opened
anglea@terry-jerde.net,opened
reanna.christiansen@marks.name,opened
frida@koelpin-durgan.name,opened
edgardo@rogahn.co,opened
earl_kerluke@bogan.info,opened
evan.kautzer@daniel.org,opened
kristofer_denesik@langosh.org,opened
everette@kihn-lebsack.biz,opened
ronny@dietrich.info,opened
taylor.lebsack@armstrong.io,opened
cortez@lindgren-lockman.co,opened
isreal@bernier.io,opened
fausto_hoeger@hackett-gutmann.com,opened
roderick.wolf@okeefe.biz,opened
gerardo.gislason@mayer-pfeffer.name,opened
gavin_kuvalis@ward.net,opened
sebrina@hane.org,opened
stewart.dickinson@moore.com,opened
max@kunze.net,opened
william_crist@dietrich.io,opened
deanne_marquardt@powlowski-cassin.biz,opened
azalee.gibson@barton.name,opened
sook@boyle.co,opened
joe@hegmann.info,opened
dudley@hartmann.io,opened
marla_ward@vandervort.io,opened
gregory@dubuque-cummerata.biz,opened
logan@sauer.biz,opened
myriam_lakin@walsh.org,opened
burl.kozey@lockman-mills.co,opened
nicky@adams.org,opened
mose.schultz@brown.net,opened
teddy_lang@zieme.info,opened
agatha_goldner@boehm.com,opened
leeanna@orn.info,opened
hai@wisozk-mann.info,opened
evon@kozey-bechtelar.name,opened
luciano@ryan.info,opened
sylvester@walker-padberg.io,opened
darcie@schaden.info,opened
steve.wyman@friesen.biz,opened
miguelina.harber@dooley.com,opened
sidney@gutkowski.name,opened
branden@miller.name,opened
edgardo@bauch-olson.co,opened
chris.pollich@windler.com,opened
dorsey@strosin.com,opened
adalberto.abshire@larkin-macejkovic.info,opened
