leonarda@howell-schulist.co,sent
williams@mosciski.info,sent
victor_schroeder@flatley-barton.info,sent
jeni@dare-larkin.net,sent
leisa_spencer@hoppe-champlin.com,sent
elisha@hintz-shields.info,sent
leslie@daugherty-predovic.co,sent
broderick_schumm@crist.net,sent
wynell_koepp@herman.biz,sent
inell@gleichner.org,sent
theo@farrell.biz,sent
beryl@koepp-herman.io,sent
nathaniel@nienow.name,sent
gennie@runolfsdottir-lakin.name,sent
broderick@jakubowski-dietrich.net,sent
shiloh_dietrich@thompson-cole.com,sent
luz_romaguera@mraz-wintheiser.com,sent
eloy@hettinger.info,sent
alfonzo@padberg.co,sent
indira_ullrich@murphy.com,sent
odis.kulas@rohan-konopelski.com,sent
jed_kshlerin@russel-schmeler.com,sent
kendrick@weissnat.co,sent
valentine@stark-kerluke.biz,sent
arletha@dickens.net,sent
milan@lynch.net,sent
andre_kunde@sporer-hermiston.com,sent
petrina@mcglynn.org,sent
ella@kuvalis-krajcik.net,sent
elly_ankunding@connelly.name,sent
pasquale.beatty@dickens-gibson.info,sent
serina.satterfield@wuckert.name,sent
jerrie_stehr@gerlach.co,sent
farah_purdy@kuhic-schamberger.io,sent
tad_heathcote@welch.biz,sent
kathrin@rogahn-vandervort.com,sent
colby@hermiston.co,sent
leland@wintheiser.co,sent
neal.goldner@johnson-brakus.org,sent
tawnya_kling@ohara.com,sent
lanell@windler-boyle.biz,sent
dewayne_huel@rutherford.name,sent
humberto_hartmann@koss.com,sent
filiberto_kemmer@turner.biz,sent
marla.lowe@bayer-abbott.co,sent
mana_gislason@erdman-waelchi.biz,sent
mona@lowe.com,sent
angelia.koss@okon.net,sent
brendan@bailey.net,sent
novella_monahan@weissnat-russel.biz,sent
chaya@price.io,sent
felicia.goyette@kihn.biz,sent
corie.goodwin@carter-robel.net,sent
elmo.stracke@medhurst.org,sent
elane@kertzmann.org,sent
kevin_jaskolski@luettgen-mosciski.com,sent
stacey@price-wehner.biz,sent
latashia_grant@okuneva.name,sent
myrle.cartwright@schmeler.name,sent
elmira@ledner.co,sent
jimmy.reichel@koelpin-marvin.biz,sent
noah_gerhold@armstrong-dibbert.com,sent
lorine@rath-graham.info,sent
arthur@oberbrunner.com,sent
marjorie@bahringer.co,sent
tiesha@lindgren.com,sent
asia@grimes-lemke.info,sent
kelsey_turner@klocko.co,sent
neville@berge.biz,sent
astrid@donnelly.info,sent
steve@cummerata.org,sent
chong_barton@breitenberg.info,sent
lynell_runolfsson@zboncak.com,sent
saturnina@roob.biz,sent
neal@blanda.co,sent
chris@wuckert.name,sent
tisha.blanda@weber-smith.com,sent
clark_mertz@feest.biz,sent
mack.lynch@harvey-considine.biz,sent
adelaida.kertzmann@yost.net,sent
nicholas@bayer.co,sent
ronda_becker@cronin.biz,sent
davis@witting.info,sent
jesusa@kerluke-mckenzie.io,sent
lynell.gutkowski@sauer.co,sent
ahmed@orn.net,sent
teresia.nader@cummings.info,sent
philip_lemke@howe-herman.co,sent
garret_bruen@murray-osinski.co,sent
richard_goldner@greenfelder.net,sent
lynn_pfannerstill@berge.com,sent
gilbert@paucek.name,sent
rocco@wisozk.info,sent
jordon.greenholt@ankunding.info,sent
seymour_jacobi@flatley.name,sent
shane@maggio.net,sent
donnie@hauck.io,sent
cathi@mckenzie.io,sent
maddie@johnston.net,sent
claud@carter-jacobson.com,sent
danae@adams-collins.com,sent
weldon@kuphal.co,sent
anibal@pacocha.biz,sent
darleen.hammes@baumbach.name,sent
janyce.durgan@smith.com,sent
effie@gutmann-daugherty.com,sent
apolonia@stokes.org,sent
jarred@rath.io,sent
harry.ernser@dietrich.name,sent
treena@medhurst.biz,sent
sterling.predovic@abshire.info,sent
serina_crooks@adams.co,sent
herman.carter@runte-skiles.co,sent
candace@kunze.info,sent
kaitlyn@ledner.net,sent
mallory@stark.name,sent
jayson@haley-pollich.biz,sent
phylicia@ryan.co,sent
socorro.jakubowski@upton-white.io,sent
brendon_raynor@baumbach-swift.org,sent
christal@ernser.net,sent
maria@west.name,sent
francis@feeney.name,sent
akiko@senger-pfeffer.io,sent
latosha_glover@herzog.info,sent
gerda_rath@hilpert.com,sent
lahoma@heidenreich-muller.info,sent
antoine@oconner.io,sent
craig@friesen-mclaughlin.biz,sent
cora@boyer-stroman.io,sent
florance.gerhold@ebert.info,sent
calvin@durgan-kulas.info,sent
steven_torp@reynolds.com,sent
donny@heaney-wunsch.biz,sent
sammy_huel@nitzsche.com,sent
jeromy_murray@friesen.biz,sent
mai.ledner@hyatt.biz,sent
christian.roob@morissette-rogahn.name,sent
kayleen@yost.name,sent
jeanie_purdy@windler.com,sent
nohemi@oberbrunner-muller.name,sent
ernie@macejkovic.io,sent
dudley_braun@kovacek-emmerich.com,sent
keenan.kiehn@corkery.net,sent
norma.fadel@hane.io,sent
oren@hodkiewicz.co,sent
eusebio_fritsch@collier.com,sent
abraham.jacobi@koelpin.net,sent
kathey.cassin@rau-stracke.com,sent
dorethea.bode@kreiger.com,sent
charlie_thompson@bernier-labadie.org,sent
joesph@yundt.net,sent
alton_batz@doyle-doyle.org,sent
son@christiansen.co,sent
allen@pouros.biz,sent
derick.schroeder@graham.name,sent
freddie.durgan@weissnat.biz,sent
larry@abbott.net,sent
carl.pollich@walsh-schiller.biz,sent
jeannine_tillman@balistreri-koelpin.biz,sent
otto@crona.net,sent
evelina@haag.name,sent
rory_cole@fahey.biz,sent
arlene@doyle-runolfsson.com,sent
collin.gorczany@kohler-mills.org,sent
avery.reynolds@lemke.com,sent
lesha@marvin-prohaska.biz,sent
sue.becker@wiegand.io,sent
arturo@cremin-hirthe.io,sent
kermit_padberg@reinger.co,sent
nichol.jacobson@predovic-strosin.org,sent
janna@bergstrom-kautzer.co,sent
kris.nicolas@reynolds-oconner.net,sent
ora@conroy.org,sent
ardella_effertz@herman-treutel.biz,sent
caryn.jenkins@wolff-macejkovic.biz,sent
otha@oreilly-okon.io,sent
erika@hodkiewicz-turner.org,sent
lourie.pollich@roberts.co,sent
jestine.douglas@kuvalis.biz,sent
sybil@feest-ullrich.name,sent
janette.kulas@carroll.org,sent
charity@moore.net,sent
zack@deckow-will.com,sent
curtis.kling@bernhard-welch.net,sent
louis@gottlieb-little.name,sent
norbert@medhurst-ebert.net,sent
akilah@sipes.name,sent
wilbur@goldner.com,sent
jessie_pouros@emard.co,sent
letitia.christiansen@romaguera-hand.biz,sent
corey@gibson.org,sent
vernice@stanton-bauch.name,sent
dong_cormier@harris-parisian.net,sent
hans.champlin@howell.io,sent
denis.damore@blanda-kuhic.co,sent
isaias.brekke@baumbach-leffler.biz,sent
earl@schoen-casper.biz,sent
earnest@lowe-heidenreich.info,sent
gennie@powlowski.org,sent
evelia@casper.biz,sent
kimber_barrows@brekke-muller.net,sent
sol_bernhard@macgyver.biz,sent
boyd_brown@klein-emmerich.name,sent
leonardo@frami.biz,sent
marvin@robel.net,sent
billy@lakin.net,sent
ina@willms.io,sent
hai@schiller.name,sent
lonna.hettinger@dare.net,sent
caprice@wilkinson-bosco.com,sent
boyce_bechtelar@kirlin.io,sent
lorenza@bauch.co,sent
tora.green@beahan.org,sent
hattie@mcclure.io,sent
numbers.hoeger@macejkovic.io,sent
marquis_kuvalis@balistreri.org,sent
roseann.rippin@flatley.name,sent
rusty.ryan@kulas.io,sent
gregory@bernier.net,sent
luna@bernhard.biz,sent
vivienne.walter@strosin.io,sent
ruthann.hansen@beatty.info,sent
soo@nikolaus.net,sent
joyce.moen@okeefe.io,sent
marcus@lemke.name,sent
floretta_bradtke@kunde.net,sent
ken@abernathy.biz,sent
kenton.schuppe@wehner.biz,sent
blake@dickens.net,sent
lue_padberg@aufderhar.co,sent
ambrose@kerluke.info,sent
natalie@mante-senger.io,sent
van@gislason-legros.net,sent
anissa.kulas@mccullough.com,sent
reid@von-okeefe.io,sent
tiny.legros@walsh.info,sent
arlette_parisian@boehm.name,sent
federico_emmerich@lubowitz.org,sent
adalberto@emard.org,sent
kieth_dietrich@hyatt.com,sent
raymundo@bayer.info,sent
amie@schumm-wisoky.io,sent
alfonso@mcdermott.biz,sent
lisha_rau@ernser-schroeder.com,sent
bobbi_buckridge@kuphal.biz,sent
fritz@haag.net,sent
tyrone@stroman.io,sent
tim_rodriguez@roob.co,sent
georgeann_considine@schulist-boyle.name,sent
monte@wisoky.name,sent
hyo.rempel@stiedemann-rogahn.io,sent
tonda@rolfson.info,sent
virgil@bartoletti-oconner.org,sent
gayle@daugherty.name,sent
douglass.feest@braun.org,sent
rubin_altenwerth@schaefer.org,sent
jesus.schoen@bruen-mcglynn.org,sent
lena@will.biz,sent
mickie@lebsack-zemlak.name,sent
alfredo@kub.biz,sent
devona_rippin@kuphal-spencer.net,sent
karon@kemmer.net,sent
kelley@borer.io,sent
rocco_blick@kling.org,sent
caitlyn@borer.com,sent
levi.crist@rath-graham.name,sent
ezra@damore-lynch.biz,sent
dong@mccullough.net,sent
francis@steuber-wiegand.io,sent
efrain@moore.name,sent
harvey@considine.com,sent
eddy_wuckert@heller-hickle.name,sent
hal@romaguera-schuppe.co,sent
rolando@wisoky.info,sent
kurt@muller-little.co,sent
donnie.pacocha@roob.info,sent
antwan@bernhard.name,sent
lashonda@metz.name,sent
diego.price@fahey.co,sent
basil@marks.com,sent
garry@olson.co,sent
agatha_olson@hane.org,sent
jon@waelchi.biz,sent
king.hoeger@brakus-block.net,sent
colton_senger@hoeger.biz,sent
lezlie@champlin-luettgen.io,sent
emanuel.schinner@ohara.info,sent
tommy_adams@kuhic.co,sent
jenee@kassulke.biz,sent
mauricio@bailey.io,sent
jordon@parker-ondricka.net,sent
vernetta@daugherty.info,sent
gussie@reinger-schneider.biz,sent
sammy.mann@sporer.io,sent
katheleen_muller@pacocha-kris.co,sent
rocco.armstrong@reichert.name,sent
elane@thiel.net,sent
glynis.runte@johnson.io,sent
tracee_mccullough@crist-kunze.org,sent
jesse.klocko@stokes.org,sent
ricardo@lakin.name,sent
randa@tromp.com,sent
jennette.franecki@bartell.biz,sent
jonah.pacocha@mitchell.name,sent
alene@kirlin.name,sent
boyd@skiles.co,sent
arron.wisozk@muller-daugherty.com,sent
milly.lebsack@heidenreich.io,sent
cecile@quigley-kessler.name,sent
sandie.herman@crooks.net,sent
katheleen_farrell@medhurst.net,sent
mika@conroy.name,sent
enrique@stanton.io,sent
luciano.adams@raynor-mraz.com,sent
robin.lehner@bogisich.org,sent
markus@kreiger.org,sent
carol@weissnat.net,sent
ophelia@fisher-carroll.name,sent
lynetta@jakubowski.co,sent
flavia@ondricka.name,sent
agustin.moen@gerlach.com,sent
see@schimmel.com,sent
charlette@brown.info,sent
rudy@greenfelder.name,sent
terese@ritchie.info,sent
tu@greenfelder.net,sent
ray@hammes.info,sent
man@block.info,sent
damon@wintheiser.net,sent
amanda@konopelski-hayes.io,sent
svetlana@legros.name,sent
sylvester_reichel@kessler-bosco.name,sent
teodora.dooley@gulgowski.name,sent
anton_leuschke@bergstrom-leuschke.info,sent
chadwick@murazik-fisher.com,sent
rolanda_sawayn@weimann.biz,sent
tommy@kessler.com,sent
coy@lemke.net,sent
gale@weimann.com,sent
anibal_kertzmann@ullrich.io,sent
reena.bahringer@walter.biz,sent
shanti@zemlak.name,sent
isreal.reinger@hartmann-kreiger.info,sent
jacques@gerlach-lang.info,sent
waldo.reichert@windler.net,sent
kalyn@pacocha-towne.co,sent
cedrick_rempel@reinger.co,sent
thomas@leffler.org,sent
emery@berge-lemke.co,sent
mose.bosco@howell-thiel.co,sent
teri_mccullough@mueller.info,sent
blake@hoppe.com,sent
delicia@kreiger.com,sent
catrina@mohr.biz,sent
dania@dickinson.net,sent
angelo@jenkins.io,sent
donovan@hickle.net,sent
chanda@renner.info,sent
zachery_hansen@hane.io,sent
devin@schinner.net,sent
kali@toy.co,sent
leonard@murphy.com,sent
preston.hintz@kirlin.io,sent
eugene@turner.name,sent
lemuel@streich.com,sent
denver@braun-collier.net,sent
stanley.heidenreich@walsh.net,sent
emery@hyatt-watsica.com,sent
kyong_hodkiewicz@abshire.name,sent
dona@kuhic.info,sent
brice.terry@trantow.biz,sent
danuta.shields@mclaughlin.biz,sent
sirena@turner.io,sent
weston.dickinson@green-johnston.info,sent
dan_schumm@hessel-kunze.co,sent
afton.crist@nicolas.co,sent
brigitte@sporer-moore.com,sent
samira_hermiston@ferry.biz,sent
josette_vandervort@weber.name,sent
troy.crooks@reynolds.net,sent
willard_wehner@streich.name,sent
jarrett@rolfson-leannon.com,sent
jody_funk@langosh-kessler.info,sent
rosamaria@mertz.info,sent
rossie@becker.co,sent
salome.morar@will.org,sent
modesto@nicolas.biz,sent
gerald_kohler@marks.name,sent
christopher@upton.com,sent
thomasena@goodwin-baumbach.biz,sent
rayford_emmerich@metz.org,sent
harlan@price-lowe.info,sent
marylee@bradtke.org,sent
patricia@orn.com,sent
aleta_jakubowski@leannon-mann.io,sent
virgilio.kulas@crist.com,sent
winfred@kiehn.name,sent
valentin@hills.org,sent
norman@terry-miller.io,sent
hollis@erdman-west.com,sent
frank.pfannerstill@kozey.co,sent
waylon@howe.com,sent
william_goodwin@jones.com,sent
kirby@homenick.org,sent
kraig_hammes@mayert-grimes.name,sent
rashad@quitzon.io,sent
carie.spinka@cronin-mcdermott.org,sent
aura@cassin.org,sent
gregory@morar.name,sent
stacee@pagac-gerhold.com,sent
branden@orn.net,sent
hoa@daniel.com,sent
karlene.schneider@turcotte.name,sent
carmine.goldner@bartoletti.com,sent
jake.frami@hahn.info,sent
nelson.gibson@corwin.biz,sent
mabel@huels.name,sent
elizbeth@skiles-beier.co,sent
toney_stroman@schmeler.biz,sent
nydia@mcclure-larson.info,sent
moshe@leuschke.info,sent
jeffery@schmidt-lueilwitz.com,sent
ezequiel@wilderman.org,sent
ronny@marquardt.name,sent
tisha@moore-klein.com,sent
tammi@berge-muller.net,sent
vi_hills@ledner.name,sent
amal@schuster.name,sent
donny@hartmann.co,sent
todd_smitham@mitchell-romaguera.name,sent
brynn_waters@lehner.io,sent
max_bradtke@reilly.name,sent
jaimee_kilback@kulas-heidenreich.com,sent
orlando_hartmann@reichert.co,sent
lee_hessel@ledner-greenfelder.io,sent
lillian@hudson.io,sent
chance_bogan@dickens.net,sent
ricky.schultz@farrell.biz,sent
kermit_raynor@hintz.co,sent
caroyln@kemmer.biz,sent
gabriel@stroman.info,sent
xavier@bogisich.com,sent
hollie.stoltenberg@veum-kutch.com,sent
marisol_batz@emmerich.org,sent
nicolas.crona@hilpert-fritsch.com,sent
yuki@kuphal-kreiger.net,sent
zackary@hand.net,sent
toccara@lang.net,sent
daniel@davis.net,sent
fletcher@koepp.biz,sent
alfredia@schimmel.io,sent
ammie.willms@block.io,sent
sylvester_hermiston@anderson-fay.com,sent
deneen.ebert@hartmann.io,sent
stacey@collins-breitenberg.biz,sent
scotty.tillman@quigley.biz,sent
hank@kunze.info,sent
antony.wisoky@torphy.com,sent
aiko@davis-bernhard.org,sent
carlita@swift-brekke.co,sent
elvin_brekke@breitenberg.info,sent
marty@stamm-runolfsson.com,sent
mckinley.murazik@jerde.net,sent
eldon@mohr.io,sent
dane.sporer@jast-stoltenberg.biz,sent
barney_pfannerstill@jaskolski-becker.com,sent
belkis.herzog@gulgowski.co,sent
katie@paucek.net,sent
grayce.bogisich@runolfsson-hoeger.net,sent
kurt_gleason@hirthe.name,sent
soraya_brown@hickle.net,sent
jamel.mcdermott@smith.co,sent
deshawn@christiansen-predovic.info,sent
lucius_vonrueden@olson.org,sent
wava.hartmann@jacobi.org,sent
colin@dubuque.name,sent
lupe_mayert@wilderman.net,sent
emily@wiza.io,sent
shante.schinner@weimann.name,sent
marcelo@hilll.io,sent
katlyn@schamberger-nicolas.com,sent
sang.block@pfannerstill-gottlieb.net,sent
maryanne@hintz.co,sent
normand@torp.com,sent
chadwick.kulas@damore.com,sent
brant@ritchie-schiller.io,sent
odessa@hettinger.info,sent
preston@crist.biz,sent
mac@abernathy-fahey.io,sent
lorenza.huels@hackett.info,sent
scarlett@emmerich-stehr.org,sent
elbert_schaden@steuber.co,sent
garth_koelpin@wilderman.co,sent
charis_will@ryan-lakin.co,sent
dong_zulauf@ryan.info,sent
albert@jenkins.net,sent
rodolfo.crooks@mayer.info,sent
richie@bechtelar.biz,sent
kristofer.balistreri@reichel-dickens.name,sent
dominic_harvey@dickinson-rogahn.co,sent
mariano_kris@schamberger.info,sent
dione@gutkowski.name,sent
logan_wolf@goldner.io,sent
cruz_barrows@wehner.org,sent
ramon.macgyver@mayer-oreilly.com,sent
britany.mccullough@smith-johns.biz,sent
richie.ryan@johnston.info,sent
desmond@emard-dare.name,sent
takisha@hoeger-yost.io,sent
angelique@considine-fritsch.co,sent
otilia.halvorson@kemmer.co,sent
verlie@wisoky-cartwright.io,sent
dolly@cremin-breitenberg.name,sent
fred_lueilwitz@okuneva.net,sent
jewell_stark@johnson.org,sent
marcelo@will.com,sent
karl.greenfelder@gorczany.info,sent
lynn.schimmel@paucek.org,sent
myriam.schneider@harvey.info,sent
torrie@dooley.org,sent
filiberto@nitzsche.org,sent
rocio@cole.com,sent
kenton.jakubowski@smith.com,sent
cheryle@bayer.info,sent
stephani@will.net,sent
sarina@botsford-spinka.biz,sent
tim.hudson@kunde.org,sent
maple@hettinger.io,sent
barbie.kessler@stiedemann.io,sent
gerald@kuvalis.io,sent
raul@rosenbaum.name,sent
delois_langosh@buckridge.biz,sent
reid@bartell.net,sent
norene.schiller@wilderman.org,sent
hildegard@howe.io,sent
chung@mayert.org,sent
domenic.batz@grady-glover.biz,sent
dewitt.carter@carter-welch.org,sent
ronnie.hermiston@dibbert.name,sent
clarine_swift@mitchell.name,sent
rufus.murphy@feest-towne.biz,sent
terrilyn.hintz@boyle.com,sent
douglas@mclaughlin-douglas.com,sent
nicola.cremin@schmitt.org,sent
wesley@daniel-howell.co,sent
galen.okuneva@white.co,sent
wm.block@jacobs.org,sent
eddy@brekke.info,sent
evelyne@cremin.info,sent
kathlene_schaden@wiegand-brekke.net,sent
mirian_fadel@mcclure-senger.io,sent
elva.smith@fritsch.com,sent
kris@blanda.co,sent
sulema@kreiger-leuschke.net,sent
arlen_leannon@corwin-murazik.org,sent
barb.batz@vandervort-batz.biz,sent
jennifer.cummerata@lang.co,sent
nelly_cummerata@carter-kunze.co,sent
desmond@von-lesch.net,sent
vincent_erdman@schowalter.com,sent
loan@bergstrom.net,sent
shelby@hahn-ziemann.info,sent
isiah@wehner-cronin.info,sent
maira_stoltenberg@raynor-heathcote.info,sent
asha.bahringer@mertz-koelpin.info,sent
kym@wilderman.org,sent
elmer@connelly.org,sent
coretta@watsica.name,sent
renate@rath.info,sent
mireille_kovacek@champlin.co,sent
matthew@predovic.biz,sent
glady_waters@waters.name,sent
guillermo@cassin.io,sent
michael@bayer-zieme.com,sent
keitha@kozey-klein.co,sent
hildegarde_stiedemann@mayer-dibbert.name,sent
rafael.schultz@stracke-mitchell.com,sent
wilber_heaney@lang.name,sent
casey@stracke.io,sent
shawanna@smith.org,sent
maryann_bins@durgan.biz,sent
celestine.hills@jerde.com,sent
marylouise.walsh@morissette.com,sent
jesus@bahringer-quigley.org,sent
claude.sporer@maggio.com,sent
kitty@ryan.org,sent
raymond_gibson@runolfsson.info,sent
treasa@brekke-greenfelder.org,sent
stephen@strosin.net,sent
jamar@welch-steuber.com,sent
samual.farrell@gulgowski-kuhn.net,sent
beau@schneider-becker.co,sent
guillermo_jacobi@bernier-dickens.biz,sent
myrl.okeefe@tillman.io,sent
jarred@howell.co,sent
raymundo.tillman@langosh.biz,sent
rudolf_hettinger@rippin.name,sent
aldo@conroy.net,sent
kristofer@jerde.biz,sent
zaida@schneider.com,sent
cierra@hane.io,sent
terrence_rogahn@fritsch.co,sent
cletus_leuschke@bauch-terry.info,sent
ching@olson-kassulke.net,sent
alfreda.bergstrom@mckenzie.io,sent
deanne.roob@mohr.info,sent
mirta@ortiz-brekke.co,sent
joesph@wehner.com,sent
cody_kohler@nikolaus-herman.io,sent
laverne@moore.net,sent
jackelyn.dooley@okuneva-mohr.io,sent
christen@fay-rohan.name,sent
janee.wehner@satterfield.name,sent
wyatt_ernser@dach-pagac.name,sent
abram.hilpert@kautzer.name,sent
camilla_greenfelder@sawayn.co,sent
stephen_hartmann@schneider.co,sent
lenard@howell-zieme.name,sent
marie@hessel-dickinson.name,sent
tracy_hayes@harris-fisher.co,sent
olive.becker@jerde.org,sent
bernie_wuckert@mayer-brekke.co,sent
eilene_ernser@predovic.info,sent
cyrus@beier.co,sent
sunshine.monahan@rolfson.com,sent
mark_weissnat@carter.net,sent
chung@medhurst.org,sent
tammi@nienow.com,sent
charleen@prosacco.biz,sent
julius.stark@auer.io,sent
alec@huel-hudson.co,sent
deena@champlin.co,sent
lenny.mante@grant.name,sent
thad@jacobs.net,sent
vince@gerhold.net,sent
hugo@hintz.biz,sent
louise.pacocha@krajcik-macejkovic.info,sent
oswaldo@macejkovic.name,sent
hollie.kshlerin@murray-oberbrunner.net,sent
brittney_west@abbott-paucek.info,sent
abraham.pouros@wilderman-becker.net,sent
teddy_collins@lockman.io,sent
freeman_white@fay.info,sent
raymundo@crooks.name,sent
kimber@daugherty.name,sent
harland.walker@reichert-cronin.info,sent
jacquelynn@kihn.net,sent
mariette@breitenberg.biz,sent
gwendolyn@mueller-bauch.name,sent
alaina@cremin-marquardt.com,sent
lisbeth@bogan.biz,sent
moises@wiza.info,sent
susannah_jaskolski@reichert.net,sent
marcus@klein.name,sent
frank@funk.org,sent
lamar_harber@donnelly-watsica.com,sent
shanta@bogan-kovacek.info,sent
emery_damore@hammes-feeney.org,sent
donald.beier@treutel-wintheiser.co,sent
arlyne@wilkinson.org,sent
brian.jast@waelchi.net,sent
keila_reichel@renner.com,sent
clement@langosh-halvorson.co,sent
dorene_shields@medhurst-bailey.name,sent
mitch@wyman.org,sent
ellis@hahn.org,sent
william@walter.org,sent
vincent.brown@fahey.info,sent
milo@oconner-dickens.net,sent
morris_brakus@schroeder.info,sent
philip.willms@friesen.org,sent
kacey@beatty.co,sent
alexander_crona@douglas-blanda.org,sent
israel.roberts@ortiz.name,sent
karin.olson@hoeger.info,sent
refugia.sauer@predovic.co,sent
daren_koelpin@connelly-wisoky.io,sent
nelson@kuhn.biz,sent
nola@nienow.com,sent
earnest.stracke@harber.co,sent
lane@smitham.net,sent
mattie_predovic@ankunding.biz,sent
alane.barrows@kassulke.com,sent
alexis.schuster@zboncak-cummings.info,sent
miyoko@schroeder.name,sent
halley_gottlieb@quitzon-moore.com,sent
chester_green@terry-rogahn.org,sent
hollis_jones@legros-pagac.com,sent
devin.lakin@schoen-parker.name,sent
josh_rogahn@kuhn.biz,sent
val_wintheiser@oconnell-abernathy.biz,sent
christinia_herzog@smith.info,sent
miguel_sauer@mcglynn-tillman.net,sent
terry_renner@schiller.biz,sent
michal@reinger.io,sent
siu_monahan@durgan.info,sent
warner_bashirian@gerlach.net,sent
broderick@toy.info,sent
donnell.metz@hackett.name,sent
vern_metz@huel-purdy.org,sent
jefferson.keeling@schroeder.name,sent
renae_bartoletti@bayer.net,sent
marc_kuhic@harris.biz,sent
micheal@turner.info,sent
rafael_lemke@boyle-williamson.biz,sent
rocco@grimes.com,sent
ezekiel_gerhold@littel.biz,sent
jackqueline.bernhard@wuckert-nolan.co,sent
debbi@wintheiser-oberbrunner.net,sent
bertram.kovacek@simonis-kihn.name,sent
wynona.becker@trantow.org,sent
irene@dickens.info,sent
ethyl@smith.info,sent
jacqui_grimes@wilderman.com,sent
hosea@hintz-rath.net,sent
herta_kozey@terry.org,sent
alice.rohan@kozey.co,sent
rubin@kerluke.org,sent
loraine@boyle.biz,sent
jeraldine_strosin@champlin-hudson.co,sent
andrea.daniel@thiel.co,sent
trent_kohler@pollich.co,sent
orval_bernhard@gislason-white.io,sent
joaquin@rath.org,sent
jame@towne.io,sent
andy@wintheiser-zieme.biz,sent
romelia@hudson-larson.net,sent
gerry.hintz@mraz-reilly.net,sent
melba@baumbach-kessler.io,sent
reuben.koelpin@wilkinson.biz,sent
annabel@shields-gleason.io,sent
ramon@kassulke.info,sent
neely@wunsch-paucek.name,sent
damon_huels@nolan-goyette.com,sent
lewis@wolf.biz,sent
ashley@olson-halvorson.com,sent
carson_stroman@mcclure.co,sent
ira.powlowski@kulas.info,sent
kourtney@stokes.name,sent
erik@harris.co,sent
elisa.daniel@bernhard-nikolaus.biz,sent
anglea_greenholt@fadel.co,sent
antoine@orn.biz,sent
stanford.collins@ortiz.org,sent
petrina_kuhn@lowe.info,sent
lynn.ohara@stark.net,sent
lurlene@kilback.co,sent
jefferey_bins@deckow-denesik.io,sent
sage_kohler@white.net,sent
carlos@hettinger.info,sent
darius_welch@waelchi.info,sent
curtis@effertz.co,sent
charise@bergstrom.net,sent
rene@okon.org,sent
joann@lindgren.biz,sent
keva@dubuque.name,sent
shellie@hettinger.com,sent
dale@weimann.io,sent
rosario@krajcik.org,sent
ellis@erdman.biz,sent
refugio.gutmann@murazik.co,sent
timmy.zieme@zieme-beatty.com,sent
cedrick@rowe.net,sent
glenda@walsh.biz,sent
breana@ruecker-larson.name,sent
brant.marvin@murray.info,sent
omer@kuvalis.info,sent
brain@flatley-kautzer.info,sent
alfred@schulist-mitchell.org,sent
lawrence_wisozk@reichert.io,sent
maximo_schimmel@schuppe-tremblay.net,sent
stuart_parisian@robel.name,sent
cary_gulgowski@fay.co,sent
tyron.grady@jaskolski.com,sent
nestor_heller@murazik-sawayn.info,sent
trudie_damore@lindgren.co,sent
rosario@bahringer-bartoletti.net,sent
freddie_mitchell@kulas.info,sent
lyman.koch@bednar.com,sent
cecil_ritchie@kautzer-halvorson.io,sent
kelley.senger@reilly.info,sent
lanell@king.co,sent
wade_dooley@beer.name,sent
clifton@schimmel.net,sent
coleen.trantow@spinka-rutherford.net,sent
merri_pacocha@glover.biz,sent
bong.hackett@cummerata.info,sent
brenton@weber.name,sent
elfreda@hermann.co,sent
margeret@torp-douglas.info,sent
herlinda@nolan.co,sent
yael.gutkowski@rippin.net,sent
edmund@ward-kovacek.biz,sent
blake@schmidt-anderson.net,sent
tanesha_friesen@walsh.biz,sent
roosevelt_streich@sipes-stracke.io,sent
ulysses.kuhlman@carroll-hilpert.org,sent
porfirio_little@rippin-sawayn.co,sent
tamisha_hamill@connelly.net,sent
shannon@wiza.biz,sent
damion_deckow@kozey.name,sent
garland@kassulke-brown.co,sent
dimple_rodriguez@luettgen.biz,sent
sallie@sporer.biz,sent
olevia@mckenzie-little.com,sent
lisha@rutherford-bayer.biz,sent
odelia_cremin@hodkiewicz.net,sent
solomon@nienow.co,sent
ayako_kunde@hauck.co,sent
kris@roberts-moen.name,sent
marc_mayer@sporer.info,sent
truman.lind@littel.name,sent
mauricio@mosciski-bernier.biz,sent
raymond_rodriguez@gorczany-lueilwitz.org,sent
luis@cartwright-macejkovic.io,sent
mitchel@hickle.co,sent
tamica.lehner@streich.biz,sent
james.bosco@paucek-labadie.info,sent
hayden@hane.io,sent
mitchel@luettgen.co,sent
zenia@beer-baumbach.co,sent
duncan@flatley.name,sent
ozzie.kling@hauck-marvin.name,sent
iluminada_lesch@prosacco-bode.com,sent
siobhan@stark.org,sent
travis@cormier.info,sent
janette.deckow@tillman-howe.io,sent
roma.pacocha@champlin.co,sent
deon_volkman@kunze.info,sent
dexter_hilll@grady.co,sent
jeannetta@botsford.org,sent
deandre@keeling.co,sent
guy.balistreri@leffler.org,sent
oren_greenfelder@nolan.com,sent
chase@blanda-rohan.io,sent
britney_feest@hoeger.io,sent
dave_schmidt@wolf-kuvalis.info,sent
dion@hickle.biz,sent
marlin_leffler@murray.name,sent
brandon.funk@hyatt-leffler.info,sent
isa@bruen-koepp.org,sent
pamela_paucek@jacobi.com,sent
mui@larson.biz,sent
johanna@metz.org,sent
jarrett@bernhard.name,sent
stuart@gleichner.io,sent
warren@wolff-bartoletti.co,sent
barbara@koch-friesen.name,sent
evelia.jacobs@schuster.net,sent
jacqueline@cruickshank.name,sent
gilberto@hegmann.com,sent
charleen@goldner.io,sent
wallace@kozey.io,sent
armando@tromp.com,sent
danial@yost-jaskolski.com,sent
carey.daugherty@mcglynn.io,sent
sherlene@kunde.org,sent
mindy@leffler-bogan.biz,sent
rebeca.gislason@kuphal-oreilly.biz,sent
samual_kuvalis@lind-sauer.com,sent
gayle@wintheiser-weissnat.co,sent
elodia@bayer.name,sent
dorene@little-kovacek.net,sent
margrett@von.org,sent
darwin.kulas@schroeder.com,sent
edward@tillman-strosin.info,sent
joaquin@marquardt.name,sent
tamika@johnston.com,sent
randal@beer.co,sent
isiah_kuhn@hoeger.name,sent
dewey.zemlak@christiansen.org,sent
muoi_johnston@cummings.io,sent
annika.lehner@bins.info,sent
lenard.hettinger@wunsch-williamson.io,sent
julissa_johns@sporer.name,sent
charmain_langworth@schumm.io,sent
deidre_mccullough@ondricka-konopelski.info,sent
major_heller@swift.biz,sent
laurence.white@romaguera-kassulke.co,sent
andrea_runolfsson@stamm.net,sent
jessie_legros@ferry.com,sent
claretta_hintz@tromp.net,sent
scot@anderson.info,sent
douglass@krajcik-pfeffer.org,sent
ronna_davis@schiller.co,sent
gerald@graham.name,sent
deanna_feest@corkery-lind.name,sent
sonja@hand.name,sent
mark@wuckert.name,sent
bernardo_christiansen@oberbrunner.org,sent
dollie@heaney.io,sent
lacey@hilpert-halvorson.com,sent
rhoda@lemke-bradtke.org,sent
paul@kiehn-donnelly.biz,sent
burma@mante.com,sent
gonzalo@fritsch.net,sent
phyllis@ferry.co,sent
amado@von.info,sent
dora.will@oconner.info,sent
ramon@ledner-ruecker.co,sent
fay@armstrong-hessel.com,sent
hosea.feest@hickle.name,sent
amada.jaskolski@fadel-stracke.info,sent
taylor@tromp-rempel.io,sent
horacio@hudson.net,sent
monty.aufderhar@bogan.com,sent
janee.kassulke@fay.co,sent
blaine@feil-bradtke.net,sent
rocio@daniel.co,sent
emmett@wuckert-altenwerth.co,sent
terrell.jacobi@hayes.org,sent
garfield@cremin-roberts.org,sent
eusebia.bogan@schmidt.co,sent
lucina@hammes.info,sent
evelyne@effertz-parisian.biz,sent
jeannine_turcotte@wisoky.co,sent
ming@lueilwitz.info,sent
stefania.lehner@breitenberg.net,sent
wally@grimes.name,sent
kathryn@nikolaus-heller.io,sent
demarcus@aufderhar.name,sent
roxana_watsica@murphy.org,sent
ted@crona.com,sent
talisha.stanton@sawayn.biz,sent
lara.simonis@flatley.info,sent
jamey@howell.co,sent
rayford_torp@gerlach.com,sent
micha.doyle@cummings.co,sent
saul@bernier.info,sent
antwan_doyle@lehner.biz,sent
annabell@mills-konopelski.com,sent
willette@mosciski.org,sent
rodger@mckenzie.io,sent
goldie_lesch@senger.biz,sent
nicolle.murazik@gottlieb.net,sent
peg.abbott@walker.info,sent
sandi.schimmel@thiel-heaney.info,sent
damion@hilpert-jaskolski.com,sent
tory@christiansen-jerde.co,sent
rosita@trantow.io,sent
brent.torp@koelpin-schultz.co,sent
minh@schroeder-zemlak.net,sent
ken@blick.co,sent
ja@kutch-okeefe.co,sent
georgeanna@gleichner.com,sent
reggie@wuckert.info,sent
dani@mcclure.name,sent
winnifred.halvorson@prosacco.name,sent
reba_fritsch@stokes-reynolds.io,sent
randal.waelchi@lebsack-swift.net,sent
lennie@orn.info,sent
luetta@effertz.net,sent
katerine.quigley@waelchi.name,sent
stewart@sanford.info,sent
madlyn.mohr@wehner.io,sent
shirly.beier@hayes-altenwerth.co,sent
drew@gislason-lowe.biz,sent
eldon@tremblay.com,sent
sherrie@homenick.net,sent
stanley@rutherford.biz,sent
junie.barton@mclaughlin-mckenzie.info,sent
kathrine@russel.net,sent
alishia@satterfield.com,sent
rob@walsh.org,sent
rebecka@funk.co,sent
alonso@feil-rutherford.net,sent
juan@cruickshank-mueller.co,sent
peter@carroll.io,sent
tona_connelly@lubowitz.net,sent
kendrick@shanahan.net,sent
kasandra.green@simonis.co,sent
brady@runte-rau.net,sent
sherly_harris@oconner.biz,sent
renaldo@daugherty.biz,sent
ela@mraz-mante.org,sent
fritz_fadel@kuvalis.info,sent
lance_murphy@barrows.net,sent
rosalia@emmerich.com,sent
dulce_johns@boyer-brown.net,sent
earleen_frami@torp.name,sent
anastacia@rodriguez.co,sent
terry@armstrong.io,sent
kai.larkin@yost-collins.biz,sent
